ply
format ascii 1.0
element vertex 2038
property float x
property float y
property float z
property uchar red
property uchar green
property uchar blue
end_header
-0.0961929335463496 0.028652246758999276 0.5533026374446186 70 70 70
-0.08413804305652318 0.028493157561087883 0.5503740339348456 70 70 70
-0.07244092740350923 0.028426568609408627 0.5492077319000486 71 71 71
-0.06089352321663789 0.028407764385536324 0.548952131788578 70 70 70
-0.03756893688694234 0.028182651328156227 0.5448641880497713 69 69 69
-0.025985970477091207 0.028021634600279836 0.5418945728669418 68 68 68
-0.014499940825715419 0.027813473296163405 0.5380242674115001 69 69 69
-0.003207717543364434 0.02783100104695955 0.5384598331568432 70 70 70
0.008159439227721634 0.028057218803024513 0.5428792226413851 71 71 71
0.019568165259912812 0.028059718130351977 0.5430289912511078 71 71 71
0.031073173172235225 0.02814407352993932 0.5447419638430213 70 70 70
0.04268118773253386 0.02824732229350442 0.5468164653872907 69 69 69
0.05427061314920198 0.028292346272088657 0.5477794956191091 68 68 68
0.06552172613204142 0.02816989016566382 0.5455428973385513 68 68 68
0.07782036285849338 0.02847188956728171 0.5514170233946544 69 69 69
-0.10154363692370288 0.032689702803250474 0.5217319560526649 10 11 12
-0.09076465948321141 0.0327397308433586 0.5225905246465471 9 10 12
-0.07955324380551175 0.032629120690316496 0.520917655718394 10 11 12
-0.06854991925449251 0.03258464381171074 0.5202867631138318 9 10 12
-0.05727983006104893 0.03237729696304073 0.5170881590098354 9 10 11
-0.04635650406863508 0.032317439270677116 0.5162141050291379 9 10 12
-0.035379365562231944 0.032178844222808846 0.5140982411637212 9 10 11
-0.02463226228500809 0.03222221658375705 0.514851605134414 10 11 12
-0.013741068143017388 0.032023700058162206 0.5117898706922831 9 10 11
-0.0030194050525580675 0.03217985640936355 0.5143223447904453 8 10 11
0.0077937348705925825 0.03225095228895076 0.5155134981395634 9 10 11
0.01861704007275964 0.03224389180497933 0.5154717265657092 9 10 11
0.029551202428008974 0.032361760772125936 0.517401547861036 8 9 11
0.040602700299975154 0.032506849575256694 0.5197615424143952 9 10 11
0.05168119611753151 0.03260320154164434 0.5213528410766766 9 10 11
0.06219357000230924 0.03236191239287389 0.5176138916597551 9 10 11
0.07367777707229697 0.032628931877348596 0.5219002407766851 8 9 11
0.08485055220348339 0.032701798626257245 0.523121644389583 9 10 11
0.0964040018181101 0.03288762830772128 0.5261275931948521 8 9 11
0.10913085593798516 0.033397096737661815 0.5342467955158907 15 16 17
-0.10228294577998345 0.038658727751429554 0.5254924263321025 29 32 36
-0.09070503136966894 0.03841549763283267 0.522276383808777 29 32 36
-0.07941182634123235 0.03824485681773016 0.520034910657189 29 32 36
-0.06836026950539406 0.038157093875785295 0.5189065279232077 29 32 36
-0.05714968725260816 0.03793522421947138 0.5159759450818637 30 33 36
-0.04630270636849431 0.03790912755238742 0.515675655143854 29 32 36
-0.035488131498145635 0.03790635373688925 0.515688768432395 29 32 36
-0.02469177709225135 0.03793536448885835 0.516129111042467 29 32 36
-0.013795131173386294 0.03775958934710149 0.5138167633096361 29 32 36
-0.0030103532899067188 0.03774652575473503 0.5136914011444816 28 31 35
0.0077701545243369806 0.03772522345953544 0.5134552573036142 29 32 36
0.018616151380668324 0.03786032209187762 0.5153220851579574 28 31 35
0.029529313870954397 0.037976278899366396 0.5169318818484497 29 32 35
0.04047859267396928 0.03805884590741257 0.518092951760692 29 32 35
0.05144493355479206 0.03811516228244619 0.5189011856057052 28 31 35
0.06221849471604894 0.03802846615340457 0.5177858495037767 28 31 35
0.07359597817393676 0.03828489718631233 0.5212863569241155 28 31 35
0.08468975678289813 0.03834152909023355 0.5220994267275952 29 32 35
0.09606413384642092 0.038497130541850735 0.5242443587889376 28 31 35
0.10802354690097082 0.03883169517702974 0.5287980128131384 30 32 34
-0.10235263152014056 0.044421014312746726 0.525865942986245 30 32 36
-0.0913668995454471 0.044433417824129254 0.5260479796546519 29 32 36
-0.07988897547707845 0.04418105082380365 0.5231304618188816 29 32 36
-0.06866063827305569 0.04401071239545484 0.5211728923075185 30 33 36
-0.057370162221651574 0.04373312998595696 0.5179594045084301 29 32 36
-0.04648680956315481 0.04370951598811599 0.5177192331171115 29 32 36
-0.035620729926948 0.043697538060134045 0.5176152947714178 30 32 36
-0.024788489845861152 0.043740336852921086 0.5181528314129755 30 33 36
-0.01385906207651827 0.04356947738687543 0.5161881589813513 29 32 36
-0.003019106438238473 0.043499231524918386 0.5154016531714617 29 32 36
0.007804021615140142 0.04351655223932119 0.5156407399514005 30 33 36
0.018673429038384474 0.0436166029847528 0.5168489810312108 29 32 36
0.029635508111724523 0.04377625528990291 0.5187556327135792 29 32 36
0.04059278388520381 0.043838301864850264 0.519519032934116 29 32 36
0.051538448053499435 0.04385992628498232 0.5198089381053734 30 33 36
0.0625316286390516 0.04390491318339146 0.5203726420556269 29 31 36
0.07393917309182971 0.04418546918684322 0.5236969038031412 29 32 36
0.08508391324359847 0.04425163784362737 0.5245092123347618 29 32 36
0.09605817744896314 0.0442209983292665 0.5241870567251569 29 32 36
0.10786899188250722 0.044544717067521375 0.5280182238011649 31 33 35
-0.10241112875550205 0.05018607247553081 0.5261828910095341 29 32 36
-0.09126291530439483 0.050116096651285025 0.5254827712794754 29 32 36
-0.07987209831478083 0.049878970548586844 0.5230487778588636 29 32 35
-0.06858613397774017 0.04964521549634595 0.520649519821574 29 32 36
-0.057375392915898195 0.04939145316346099 0.5180424803747972 29 32 36
-0.04644776494033966 0.04932139213201965 0.5173409623105253 29 32 36
-0.03557047327021844 0.049282893379744036 0.5169668337207626 28 31 36
-0.024738406849725083 0.04930616740047523 0.5172335864910763 29 32 36
-0.013840386748009009 0.04915457301870885 0.5156859664901253 29 32 35
-0.003009203558740691 0.049053112887248354 0.5146584100407218 29 32 35
0.007792066069361532 0.04902989394581489 0.5144426555983342 29 32 36
0.018609982110650486 0.04907119819994507 0.514896466568309 28 31 35
0.029526273824898024 0.04924469892128944 0.5167222469156943 29 32 35
0.04053793760522832 0.04943765166736962 0.5187500940116101 29 32 35
0.05157596613398817 0.049569719080201725 0.5201462243257077 28 31 35
0.06266773640199526 0.049695369638239915 0.5214758952505616 28 31 35
0.07406932028499578 0.04999302980847245 0.5245911505397599 29 32 35
0.08522877465773902 0.05006627077830782 0.5253771497852312 29 32 35
0.09601960295963635 0.04992644721168595 0.5239514200909428 28 31 35
0.10754501632304712 0.05016063781759844 0.526408370445663 30 32 35
-0.10223986313744719 0.05583328339950644 0.5253375265746257 29 32 36
-0.09101954401448016 0.05570159672579429 0.5241281045749366 29 32 36
-0.07967220967017935 0.05544869668082229 0.5217899028219478 30 33 36
-0.06836308880211976 0.05514950609168456 0.5190204957705152 29 32 36
-0.057230918155434594 0.054909658054738665 0.5168035316621775 29 32 36
-0.04624353377912761 0.05473241108373071 0.5151694090938008 29 32 37
-0.03537893554619031 0.05464030670036248 0.514328111832844 29 32 36
-0.024586374162955962 0.05463223124440382 0.5142693446599322 29 32 36
-0.013773140769049511 0.05454706453209834 0.5134925861316385 29 32 36
-0.002986191267369748 0.054404904653586016 0.5121849569715718 29 32 36
0.007759813027550159 0.05435638133282599 0.5117493901139546 30 33 36
0.018525057125409458 0.054416545274913845 0.5123261585473017 29 32 36
0.02936291312645216 0.054564493579281295 0.5137206553747795 28 31 35
0.040350796035288614 0.05483574865828143 0.5162638519683141 29 32 36
0.05138026976523555 0.05503198922880851 0.5181084317774453 29 31 36
0.06248025792169891 0.05521910175461824 0.5198681010412981 29 32 36
0.07380205839939849 0.05551674433106946 0.5226575779056146 29 32 35
0.08498592867666334 0.05564268433978621 0.5238476182253216 29 32 36
0.09579500572937744 0.055517568717281376 0.5226987718581506 29 32 36
0.10753298829177889 0.05590520491768916 0.5263270776099087 29 32 35
-0.10300288894003379 0.06202148332827864 0.5292187338360981 13 14 15
-0.09121653960635365 0.061552592604654906 0.5252674101278482 13 14 15
-0.07990003839594242 0.06131646561782751 0.5232822416556401 12 13 15
-0.06853869202840841 0.06096925467407199 0.5203585915294501 13 14 15
-0.05727195616356883 0.06059457357675264 0.5172027709472536 13 14 16
-0.046261714559371635 0.060381501534386504 0.5154121224558649 12 13 15
-0.03531667536546976 0.060155244174489315 0.513510018001181 12 13 16
-0.024484817973831632 0.06001288401991951 0.5123166419111922 13 14 15
-0.013723132531016553 0.059962254526840654 0.5118982143763035 12 13 16
-0.0029754118201396115 0.059892813384575264 0.5113208398248086 12 13 15
0.007756192175384809 0.05987378410583797 0.5111693685102725 12 13 15
0.01851555659002915 0.059962637190435465 0.5119293923228883 12 13 15
0.029401744431285844 0.060246664270353106 0.5143385022644836 12 14 15
0.04040280197795823 0.06054663970795891 0.5168824554558015 12 13 15
0.05145412049281699 0.060774335631367395 0.5188157807040312 12 13 16
0.06256485012687074 0.060977238128510816 0.5205396840026589 12 13 15
0.07387396755241708 0.061283547627839004 0.5231374191251675 12 14 15
0.08511485947813886 0.061457518222711324 0.5246169968551188 12 13 15
0.09620841336175161 0.06149392594081672 0.5249342125832372 12 13 15
0.1079821953663819 0.06191542633922259 0.5285055695348984 15 15 17
-0.2077304731033733 0.08306239408684506 0.6472282282846005 39 35 31
-0.17887786351302648 0.08226772391465541 0.6410941947104817 41 37 33
-0.15182549318209732 0.08217190331478189 0.6403621350573484 39 35 30
-0.10321724530911792 0.06793590102010286 0.5303243884897801 27 30 34
-0.09142020516254198 0.06743353844901953 0.5264445972708239 27 30 34
-0.08015275075135389 0.06723777084004899 0.524934810269992 28 31 34
-0.06872509064531522 0.06682884271181452 0.5217772081141492 27 30 34
-0.057529812361207605 0.06653601301455746 0.5195170461230054 27 30 34
-0.04646370650935316 0.06629412207930759 0.5176506317055716 27 30 34
-0.035447500958182866 0.06600411151764238 0.5154122058749255 28 31 34
-0.024471326375182567 0.06557909599117336 0.5121300927717953 27 30 34
-0.013728163931735093 0.06559029662188655 0.512220133641461 27 30 34
-0.00296692642991833 0.06540071151344443 0.5107579786110319 28 31 34
0.007755710581399748 0.06540845046086546 0.5108212518660945 28 31 34
0.01853446126814075 0.06560584704130698 0.5123507175140086 27 30 34
0.029484182006084617 0.06604335397931646 0.5157364441801668 27 30 34
0.04054840552528334 0.06642828332737369 0.5187157493734653 28 31 34
0.05168334131320204 0.06673688256696327 0.5211049969157844 28 31 34
0.06293365878063692 0.06705810819180853 0.5235918915457025 27 30 34
0.07414305490488723 0.06724237886301401 0.5250200239606851 27 30 34
0.08539336391490458 0.06740891598213049 0.5263110778671701 28 31 34
0.09668653518584053 0.06756524316393286 0.5275232162281355 28 30 34
0.10830685274964542 0.0678946766330885 0.5300736816430055 29 31 34
0.24526066536560645 0.08946257120398861 0.6968512672973841 39 35 31
0.038499774160134934 0.030706768891377433 0.5745048490826694 69 69 71
0.048729341478072515 0.03047462284614194 0.5715671367537671 70 70 71
0.059104920072696784 0.030416212140317887 0.5704713374419708 69 69 69
-0.10167047940034753 0.0315019800958939 0.535919804781088 68 68 68
-0.09134784289023186 0.031188768573930395 0.5325164270587601 69 69 69
-0.08109731531950555 0.030826737460994943 0.5286525437517533 71 71 71
-0.07159122344935688 0.03090341723235026 0.5289848910495241 71 71 71
-0.061558555720152515 0.030520305355782325 0.5249299290037557 69 69 69
-0.052379649347997985 0.030894177358102792 0.5280975216635125 68 68 68
-0.04273342707373711 0.030795221780939505 0.526756504743678 70 70 70
-0.03325397762176634 0.030928798109216407 0.5276301529485392 71 71 71
-0.023719410004069467 0.031012110936935247 0.528024291109374 70 70 70
-0.014150941002247744 0.03087388690790885 0.526313684749322 68 68 68
-0.004619564496494156 0.030970125734257718 0.5268306788129864 70 70 70
0.004895109389315026 0.03094668745769339 0.5262121198976932 71 71 71
0.014575409914162833 0.03125947195077042 0.5287788609731716 69 69 69
0.02411768543746231 0.031243253385319233 0.5282276991697958 69 69 69
0.03411838038060194 0.03171711672928667 0.5323104325398402 70 70 70
0.0438693414843288 0.031826725216550035 0.5329452221671728 70 70 70
0.053456983834126254 0.03179663945481093 0.5322605129848583 69 69 69
0.062782007657441 0.0316188160501472 0.53018407189563 70 70 70
0.07189058103110177 0.03136941906624944 0.527437100362341 70 70 70
0.08190882396241148 0.03163096672527953 0.5295033182966369 69 69 69
0.09118140277958761 0.03151353036054888 0.5280023917265517 70 70 70
0.10088707837228635 0.031600860706325506 0.5284275513099055 69 69 69
-0.18828695330957312 0.06783687597233905 0.8076028845493377 45 39 30
-0.10612775051873721 0.03377978846489016 0.512549157302544 24 27 31
-0.09699317870198057 0.03385276374301148 0.5128245193345569 25 28 32
-0.08785886726911603 0.03393564466347475 0.5131847930178844 21 24 28
-0.0785537690561951 0.03390839759790457 0.5125946092089071 17 19 22
-0.06946655470947827 0.034045278645649754 0.5134195253709586 17 19 22
-0.06007084610840096 0.033912777504127335 0.5119237315754409 19 21 24
-0.05119278157305135 0.03434236003077471 0.5152654205953617 17 20 22
-0.04184181650409632 0.03425153197927029 0.5141285235234351 17 19 22
-0.0325978975031188 0.034300292631344986 0.5141921499059046 19 20 24
-0.023359552531911593 0.03439641189139813 0.514661902523892 17 20 22
-0.014090680845766423 0.034369063342805116 0.5140722373988964 17 20 22
-0.004847689851120105 0.03431800094213969 0.5132803118259504 18 21 24
0.004372675790415212 0.034294836653175426 0.5127283693152775 16 18 21
0.013747221267086565 0.03461623184345612 0.5151237509461861 16 18 22
0.02298146669283712 0.034580729529190904 0.5144655267212898 17 20 23
0.032336959373846605 0.03471163233621005 0.5152289204965738 16 19 22
0.04159724410382961 0.034719365702450794 0.5149402730412709 16 18 21
0.05091720599134076 0.034782150870754105 0.5151211895435186 18 20 23
0.06041239322399504 0.03495874854799995 0.5162708816993438 16 18 22
0.069822339224271 0.035050229819981675 0.516694304763041 20 22 24
0.07955882802268523 0.03530976271381184 0.5185455894337477 21 23 25
0.08868319065046978 0.035221232433884336 0.5174370719310735 19 21 23
0.09860931048529038 0.035520293474206106 0.5196198857596788 7 8 9
-0.17636303711217124 0.06979931872659413 0.7592331739941622 40 36 32
-0.10586694941658754 0.038378995776008666 0.5112872787321197 30 33 36
-0.09670115767066843 0.03841944870721204 0.5112768113987844 29 32 36
-0.08769293438336513 0.038572035197878766 0.5121478702791349 27 30 35
-0.07847454673918162 0.03859030821303936 0.5119622746232572 30 33 36
-0.06920362698451271 0.038555428781885746 0.5113596157535409 29 32 36
-0.05996849904087106 0.03853418454711473 0.5108647409277484 27 30 34
-0.051074578287748584 0.038950073756078105 0.5137966196803359 29 32 36
-0.04186314309847918 0.03903798676634688 0.5141552537769261 29 32 36
-0.032649055835795145 0.03916716752010049 0.5148361500543114 27 31 34
-0.023392060502613207 0.039251888168789925 0.5151682247871805 29 32 36
-0.014118167087598138 0.039353051197345106 0.5156281347838626 29 32 36
-0.004829825672600849 0.039380902908472896 0.515514870087848 27 30 34
0.004438115548295853 0.039345170297529965 0.5149056528220683 30 33 36
0.013817585371652726 0.039601011179157375 0.5165700447828792 29 32 36
0.023201127104755734 0.039743297670064 0.5173472790313307 27 30 35
0.032462775233601346 0.03968785894784868 0.516584354645827 30 32 36
0.04172622339226428 0.03966527848736357 0.5160780334133275 29 32 36
0.051041410369033695 0.039704472714490055 0.5160524128771196 26 29 33
0.06063209198468991 0.03995162010666745 0.5176413742225231 28 31 35
0.07011496764850594 0.040077249960140296 0.5182849597164232 27 30 34
0.07963581132084531 0.04020691925321933 0.5189587463609213 26 29 33
0.08888029959654925 0.04016716850285025 0.518318977342737 29 32 35
0.09889940008559216 0.040528571160299995 0.5207851670941461 26 29 33
-0.1942180447507923 0.07184377983139072 0.7202992655210639 96 76 25
-0.16783022036937462 0.07256458453348745 0.7245912786078125 39 35 31
-0.10569239639546715 0.043003246356684996 0.5104083837217549 25 28 32
-0.09658360408687129 0.043070397992891904 0.5105864626101531 26 28 32
-0.08749291535254955 0.04315969646028109 0.5109240548375553 28 30 34
-0.07815669357510438 0.04305174032465863 0.5098381029248527 25 28 32
-0.06897849989342678 0.043057738621281046 0.5095750753565629 26 28 32
-0.059887645295484675 0.04315805624668535 0.5099917275575738 28 30 34
-0.05094210338757821 0.043504293516159746 0.5121777669528168 25 28 32
-0.04180836080120128 0.0436793044838393 0.5131289343374603 26 29 32
-0.032600574691357256 0.043773826673154624 0.5135001033447437 28 31 34
-0.023404168587864618 0.04401933938353831 0.5149550505690572 25 28 32
-0.014132735806050189 0.04409218852972947 0.515168587063108 26 29 33
-0.004836977561573263 0.044271417335238025 0.5161446158325071 28 31 34
0.004476578318087697 0.04434566599148034 0.5163667895109173 25 28 32
0.013871697636221918 0.04458134654501896 0.5177445617639393 26 29 32
0.023351362942908967 0.04485310284313587 0.5193783680849602 28 31 34
0.03260704503078105 0.04472063919162623 0.518119253744 26 28 31
0.04185947319746827 0.04464255953838134 0.5172504681326584 26 29 33
0.0512483261837037 0.044727302799900955 0.5175454325576565 27 30 34
0.06093081968494246 0.04504178628365015 0.5194790544951808 25 28 32
0.07047883168041301 0.04519337908557333 0.520248375344905 26 29 33
0.07989806417118128 0.0452360365016165 0.5202403491239314 9 10 11
0.08933355054818472 0.04528670355083197 0.5202892522135107 7 8 9
0.09864738077523429 0.045268036170540565 0.5198447184970488 9 10 11
0.23466882640870046 0.0795890139597197 0.7615712876781918 67 71 71
0.13935796473215223 0.0641439613838251 0.820291304874492 39 35 31
-0.19905263424734218 0.020765665469466982 1.1041386688567925 11 11 92
-0.20829994407751554 0.026273926563644558 1.0956258091529292 13 13 93
-0.19818587373119576 0.026765312181693014 1.1012851254517468 13 13 94
-0.2082893158014382 0.0323998343818465 1.0955414921281674 11 11 92
-0.19795542737043453 0.03289137201338679 1.1004858581838808 13 13 93
-0.2088488589808099 0.03870589016949653 1.097170377061834 13 13 92
-0.19907827657614427 0.03946237359308222 1.104053991684005 12 12 93
0.1599234813459601 0.05762401396313774 1.0944310608533632 66 70 69
-0.19606398725842117 0.02180122312845663 1.0644716146527204 12 12 92
-0.18979887173658858 0.022671633280760585 1.0738454753336484 8 7 94
-0.19585610306525264 0.02675294947857456 1.0639426042345153 13 13 93
-0.18947779814689708 0.027706297598321203 1.072974068282066 9 9 95
-0.19535113078605224 0.03160493975272314 1.0626605524407347 13 13 93
-0.18803358299047088 0.03237269393901221 1.0690698164788703 11 11 98
-0.19531516050480766 0.03657446536534595 1.0625673157928759 11 11 92
-0.18734076496876034 0.03719773888464909 1.0671946546503923 10 10 96
-0.19475240698606228 0.041355570252473786 1.061138824822284 13 13 94
-0.1873158811314754 0.04222584265732482 1.0671231443811349 11 11 99
-0.21415579877214808 -0.09424280441358258 1.2211529235969714 38 34 30
-0.16830909967055013 -0.09380941601357498 1.2185910640352569 39 35 31
-0.15680951015162847 -0.09364992195069756 1.2176657594069973 40 36 32
-0.145710721362678 -0.0937784180135019 1.218344894935362 41 37 33
0.06289637090302366 -0.09609917939936263 1.2305841734062457 41 37 33
0.08297813013028853 -0.09358377631946953 1.2165164378236293 40 36 32
0.1521262661845272 -0.083037664362343 1.188901142958187 67 71 70
0.15091252952296982 -0.0770251080397086 1.1863628407725593 66 71 70
0.15031711536167458 -0.07127623037092667 1.1852045846836743 67 72 71
0.15242861596605906 -0.06633176346076025 1.1900988126886412 67 71 70
0.15215922255972866 -0.060653884320407594 1.1896703215669953 66 70 69
0.1536534146731445 -0.05538956358864334 1.1931885247572545 67 71 70
0.15318442717902356 -0.04964942623079995 1.192313845796942 68 73 72
0.1515504129232947 -0.04373969972289603 1.1888287579085295 68 71 70
0.15120548483606722 -0.03810285580105576 1.1882294045979072 67 71 70
0.15223104794406794 -0.032634661527869896 1.1907017907107498 68 72 71
0.15395720888390316 -0.02716112205643928 1.1947472997507864 67 72 71
0.15594756514674024 -0.021598500757099244 1.1993887372430843 66 70 69
0.15555757531716088 -0.015866618082151417 1.1986911646121117 66 70 69
0.1576929705906633 -0.01013651435094013 1.2036634400463408 67 71 71
0.16027290289399704 -0.004263340331286312 1.209638217362996 67 72 71
0.16124093473278306 0.001655538658969901 1.2119954335293635 67 71 70
0.16036463884083124 0.007456175065634986 1.2102081594369514 68 72 71
0.16110487426313655 0.013409009196310842 1.2120549898908635 69 73 72
0.15117747356370353 0.04574315268140487 1.190770569221125 66 70 69
-0.2009926590297447 -0.09103179874170794 1.2381182904583765 41 37 33
-0.14885247860750567 -0.0912001095494205 1.2386387253580888 41 36 32
-0.13825647379551917 -0.09115025908985022 1.2383302035896444 41 36 32
-0.10803652023966798 -0.09286479307367349 1.2466015472303114 40 36 31
-0.09691918174397948 -0.0924239144816967 1.2443626543630844 41 36 32
-0.0855922071371252 -0.0914499262103028 1.2394949538378106 40 36 32
-0.07424428286008478 -0.08990000942768234 1.2317885209802557 26 23 20
-0.06345760690556879 -0.08888089453418618 1.2267016058853322 26 23 20
-0.05315358465936103 -0.08905953227820723 1.2275209766369513 26 23 21
-0.04278389731024325 -0.08913953967244838 1.227853833657152 32 29 26
-0.032346609803828245 -0.08970813530552778 1.2305944195782397 39 35 31
-0.021727849054222623 -0.09037525017771936 1.2338195063675585 40 36 32
-0.011111507023278837 -0.09046681317516767 1.2342078557177758 40 36 32
-0.0007192418035376624 -0.08999233806545365 1.2318076727785632 39 35 31
0.00925478343058643 -0.08900023211166345 1.2268586960367194 40 36 31
0.018828346427235042 -0.08779706143842574 1.220871808132629 40 36 31
0.028014770000195824 -0.08649627504268229 1.2144060919159936 40 35 31
0.03709841545142552 -0.08542534584482644 1.2090738939015766 39 35 31
0.045556793926413125 -0.08403703615386376 1.2021811135830454 40 36 32
0.05345895121857448 -0.08248737493174592 1.1944963694791695 39 35 31
0.06224302148919045 -0.08186198456454319 1.1913618974575046 39 35 31
0.07044729577272353 -0.08095552093347347 1.186845522830867 40 36 32
0.07941722230615901 -0.080651688455083 1.1852948276208766 40 36 32
0.08723060642860522 -0.079737456747503 1.1807424835785356 39 35 31
0.09612702648721255 -0.07950943824078179 1.1795658923471515 66 70 69
0.10594689265466803 -0.07975613263602248 1.1807235678248067 68 72 72
0.11376340365610527 -0.07904894838758383 1.1771916905795727 68 73 72
0.11815307874856062 -0.07693790506727692 1.1667608586932903 68 73 72
-0.1547814072023955 -0.08981567751449535 1.2603039959844955 41 37 32
-0.1230297141969787 -0.09131857995638915 1.268114063403876 40 36 32
-0.11174339240470257 -0.09138223824158119 1.2684029741609906 41 37 33
-0.09983595790042037 -0.09067566891121386 1.264618076151475 40 35 31
-0.08807409948114288 -0.08991189592816184 1.260531430427428 39 35 30
-0.07630478681226262 -0.0887256236622179 1.2542115494332828 40 35 31
-0.06495791399887949 -0.0878475222588363 1.2495223471556964 41 37 33
-0.05400271999271489 -0.0877513460599567 1.2489678165931972 39 35 30
-0.04304841182382586 -0.08748484655217785 1.2475130120948075 40 36 32
-0.03213029182034925 -0.0875407141291232 1.247762295353412 38 33 29
-0.02104607458676176 -0.0882313854745232 1.2513662599402293 39 35 31
0.0009551580208650018 -0.08800881570958018 1.2500970960438864 37 33 28
0.011479390250088789 -0.08718677612982752 1.2457076867984398 39 34 30
0.021574695725822747 -0.0860916462092986 1.2398766121013067 39 34 29
0.0316582826001357 -0.08530453125599921 1.2356736610639965 38 34 29
0.04168623022786663 -0.08466119571978226 1.2322309191844112 37 32 27
0.05097225499162314 -0.08353953188218041 1.2262630050243333 39 35 31
0.06929816135119853 -0.08174434401399275 1.2166969460429837 63 66 64
0.07781058181050275 -0.08066894763289317 1.2109768481726633 64 68 67
0.08650848584362962 -0.07986360586611235 1.2066833958436853 63 66 65
0.09473292065517464 -0.07892343926838066 1.2016792956001783 67 72 71
0.10211249996980307 -0.07769594361204685 1.1951600213232867 67 71 71
0.11183071405424569 -0.07768657412072143 1.195069538271668 67 71 70
0.11919021611449046 -0.0766646432592471 1.1896369021542443 68 73 72
0.1272618867406145 -0.07604209992751487 1.1863123065975159 67 72 71
0.02014883809902423 -0.07888779192658903 1.230508643246844 67 71 70
0.030675460359589984 -0.07886009389123509 1.2303272950303974 67 72 71
0.06788537214944478 -0.07564522557854428 1.211925972840612 67 71 71
0.08611239772418232 -0.07456688467280112 1.2057409036137663 67 71 70
0.09455050064165299 -0.07380981249046079 1.2014082851908119 67 71 70
0.1011270267152444 -0.07231075104357829 1.1928520090455061 68 72 72
0.11136384792575554 -0.07254608190000808 1.1941700341527592 67 71 70
0.11871237331664342 -0.0716022145331594 1.188775501110241 67 71 70
0.12613660932609827 -0.07079031895438073 1.1841327675940574 67 70 69
0.09417568596979564 -0.06862250601689499 1.2006047415053582 67 72 71
0.10062531915348702 -0.0671952122278773 1.1917853645121657 67 72 71
0.10867678358731281 -0.06657120119147797 1.1879299483754273 67 72 71
0.11638813061233497 -0.0658937987409211 1.1837445769474417 67 71 71
0.12484939517111013 -0.06554760438367338 1.1816059438047215 67 72 71
0.09918362081297463 -0.06175569133484869 1.1882975260886552 67 71 70
0.10807627892985372 -0.06151571501683329 1.1867028952171712 67 71 70
0.11692184329166058 -0.06128387965385717 1.1851630768332855 67 72 71
0.1265606934108239 -0.06132348079755516 1.1854574711589643 67 72 71
0.09804925195399705 -0.056522946312755125 1.1855966918017966 66 70 69
0.10836030673269692 -0.05678448897624471 1.1876039104634832 67 72 71
0.11679868818773276 -0.056440528442223324 1.1850984048770707 68 72 72
0.12529198264202757 -0.05614689647207399 1.182967375803217 66 70 69
0.09804866047862718 -0.051720916768191905 1.1858143764705138 68 72 71
0.10779057689694765 -0.051785686432768485 1.186448853524036 66 70 69
0.11626356933852361 -0.051491585503095856 1.184101726638133 69 73 72
0.12656258913553906 -0.05169453409482272 1.1858849294286624 66 70 69
0.10787276347826302 -0.04699087601903803 1.1868637968430178 68 73 72
0.127860877653333 -0.047172977187151285 1.1888648235374952 67 71 70
-0.06060779247204029 -0.042068404853556896 1.182332406487492 93 9 9
-0.042317557088697694 -0.04188505189152706 1.1807711253228446 92 9 9
-0.024270980878303868 -0.04138392060017771 1.1758114076679085 92 9 9
0.10747005045755484 -0.042080875010523495 1.1861093189332057 67 71 70
0.1283914671861818 -0.04242246566364692 1.190210290294446 68 72 71
0.12739557217395045 -0.03738263223840302 1.1882985828676613 67 72 71
0.11508693880201892 -0.03215973077102243 1.1822859255398899 67 71 70
0.12415248073144361 -0.032087396238180924 1.1815843664751011 67 71 70
-0.059980402881629875 -0.027440320623620076 1.1724739614247275 94 14 14
0.11535944135209267 -0.027435889140022318 1.1831155651094714 67 72 71
0.12574369856563059 -0.02751225223536854 1.1851941033587357 68 72 71
-0.0700146945052395 -0.023427901338672834 1.1854357017367358 67 71 70
-0.05998736135863382 -0.02288177492670781 1.1724844368689629 93 12 12
0.10561501529067421 -0.02267311138707921 1.1824894499517058 67 71 70
0.1152963434416032 -0.02266523579624776 1.18318421561413 68 73 72
0.12552732808302727 -0.02269720556243808 1.184942338154135 68 73 72
-0.05989657370909225 -0.018288549415309933 1.1710059877349326 91 11 11
0.00905844625400852 -0.017673480213491 1.1579637969475607 65 73 72
0.09541897985055914 -0.017907484170272076 1.1805431822011445 66 70 69
0.10544277443864214 -0.01791200003328372 1.1822865584133895 67 71 70
0.11494152220430295 -0.017881476446676283 1.1825901438776243 68 72 71
0.12435586338865795 -0.017844907658615072 1.182646295175194 68 72 71
-0.05976801862635684 -0.013732451320885918 1.1689533017586535 92 11 11
-0.016808156710824952 -0.01336899641970031 1.154884149292248 92 11 11
-0.00877875457641503 -0.013277908596623556 1.1503688375098693 94 14 14
-0.0005041258815152438 -0.013234404701091856 1.1498171244277011 91 11 11
0.008851473195351033 -0.013278756034874226 1.1568105625757756 67 74 73
0.020136476065271885 -0.013424834091265225 1.1727854447408228 67 72 71
0.09515751761533198 -0.013181427785183122 1.180081352628912 67 71 70
0.10491734895815066 -0.013152187868355246 1.1812280640077961 68 72 71
0.11480481598616993 -0.013123806794645199 1.1824908504307663 67 71 70
0.12398992756349977 -0.013077893436573229 1.1820720326773524 66 70 70
-0.04218468918997091 -0.009157002103647454 1.1625862381045593 91 11 11
-0.00017419311003653154 -0.008965719296116658 1.152882326717496 92 11 11
0.009097995485705238 -0.008913566314403874 1.1587763336198817 67 74 72
0.020700267723126047 -0.008835722886830755 1.176330559031018 67 71 70
0.09510478703284928 -0.00847096116024133 1.1801597389790102 67 72 71
0.10432284657501631 -0.008426553548434211 1.1800007010341929 66 71 70
0.11417479190825688 -0.008377313594443471 1.1812693801413576 67 71 70
0.12463976626139825 -0.008323704051698253 1.1836731058460315 67 71 70
-0.0002293951451957238 -0.004667893540307642 1.152707434067177 93 12 12
0.008988143351724938 -0.0045373196361695005 1.1582903182891782 66 73 72
0.09429895390180018 -0.00379571621956111 1.1782848538560686 67 72 72
0.10350144102097109 -0.003748442473541738 1.178221554843241 67 71 70
0.11318760919118712 -0.0036827863825985956 1.179233510961253 68 72 71
0.12314079657193641 -0.003609482420606165 1.180669440125088 67 71 71
0.09346955997290052 0.0008218142423185755 1.1763462762542976 68 72 71
0.10255103480956418 0.0008668255983896901 1.1761270920158364 67 71 70
0.11331685659967408 0.00102942320916077 1.1797369074131807 67 71 71
0.12352156815845786 0.0011422029646933167 1.1816940321501563 67 71 70
0.09306863064396984 0.005430785910278277 1.1755176729860892 66 70 69
0.10244394727275305 0.005510697973623052 1.1760767480467749 67 71 71
0.11342267479080609 0.005748409772778896 1.1801873330841486 67 71 71
0.12278142739824421 0.005810180464951568 1.1803138271760878 66 70 69
0.08560940694028572 0.010282350727526715 1.1804011693219847 66 70 69
0.09375365326953958 0.0101752253194803 1.1775094960141257 67 71 70
0.10220607255462438 0.010130255715075372 1.1757084943196998 67 71 70
0.1122562167794422 0.010306886176800242 1.1777377880059268 66 71 70
0.12089639922759263 0.01029270760032966 1.1764729942565009 66 70 69
0.05907935735298657 0.01509073089474984 1.184791661162469 68 73 72
0.07659926327503354 0.014972588286225205 1.1813253869287592 67 71 70
0.0855725471579903 0.014978382568248988 1.1805162766830983 67 72 71
0.09397450315818368 0.014883489376757174 1.1782967649929328 68 72 71
0.101469543373437 0.014648622338584438 1.1741277587229533 66 70 70
0.11069276531746744 0.014728922369710074 1.1743795137563406 67 71 70
0.11900708559325582 0.014664867532311616 1.1726181284164943 67 71 71
0.04912305687856659 0.019559885716333415 1.1824621821856938 67 72 71
0.05786035329751105 0.01947285029771373 1.1806316200199642 67 72 71
0.06598726608201735 0.01923913538453008 1.1770673590355565 67 71 70
0.0755140144373199 0.019406475196091733 1.1782671324343525 67 71 71
0.08430360623784272 0.019381282948120047 1.1771856034925072 68 72 71
0.09284008784087203 0.019309530766161286 1.175558983477657 68 72 71
0.09999652783155968 0.01896698378099991 1.170753975548986 67 72 71
0.10831387662870887 0.01889598156696424 1.1691558046012536 67 71 70
0.11567339004778993 0.01866173913642198 1.1656527373873677 67 72 71
0.04860905432096582 0.024075470169356482 1.1806503655853409 67 71 70
0.056790134388867236 0.023789566131692794 1.1770025148169643 66 70 69
0.06516553336722675 0.023622832299086752 1.1745872031589082 68 72 71
0.07427694478416624 0.023707449653009062 1.1747454788931795 67 71 70
0.08260616605759574 0.02357103451562157 1.1726513825328908 67 71 70
0.0910507555004346 0.023488533429900267 1.1711127083977333 67 71 70
0.0982730000818563 0.023128614244085195 1.1667663028920114 67 71 70
0.10551125824827537 0.022820182477734104 1.1629578431295589 67 71 70
0.11231453549472759 0.022458328508858365 1.1586246463529861 67 71 70
-0.10461657496512933 0.027032833432656743 1.1762752406140353 67 72 71
-0.042763887114887475 0.029774118065605898 1.1968903130360444 66 70 70
-0.033393368683642226 0.028982921139529716 1.188934125290998 68 72 71
-0.024165394713257113 0.028919207798308318 1.1876689723095837 67 72 71
-0.005295910681526322 0.029473108764284488 1.1913648669246721 67 71 70
0.003800412212690979 0.02927980229904866 1.188919353958878 68 72 71
0.013147475352701415 0.0293641346715435 1.1890049380783212 66 70 69
0.02301430312566287 0.029771892711796144 1.192022256613471 67 71 70
0.04796969549596883 0.02848169576265311 1.1783351684501535 67 71 70
0.05602283794402943 0.028124535934165418 1.1744618579663133 67 72 71
0.06447731113780203 0.02798345434982201 1.1725432315874886 68 72 71
0.07279749978754428 0.027826140657086253 1.1704854409844925 67 71 70
0.08109094847492644 0.027689719648520933 1.1686214799191674 66 70 69
0.08902284024632773 0.02747217797814471 1.1660392279370826 66 70 69
0.09500546361656384 0.026755211688057022 1.159014380946792 67 72 71
0.10173501876826366 0.026320589312921173 1.1545272705083212 66 70 69
0.10776961393236242 0.025770886748251197 1.1490345872019259 67 71 70
-0.11932420571256898 0.030016846213980673 1.1645682561505377 66 70 69
-0.11025589490296595 0.02978026407343292 1.1620092504804174 68 73 72
-0.1024746713247856 0.030262163245225862 1.1654138577605262 67 71 70
-0.0872223036626195 0.03197009678822488 1.1783291740418662 68 73 72
-0.0518158767227733 0.033258160488974425 1.1864233338011503 66 70 69
-0.04261086216768284 0.03309530901661945 1.1844578052239902 67 71 70
-0.033558476454269494 0.03231185096862949 1.1774281252921663 68 73 72
-0.02458622841031014 0.03239186301367525 1.1774645063172764 66 70 69
-0.015355034199959004 0.032930524885677596 1.181233406713383 67 72 71
-0.006187215824639242 0.03309991639003482 1.1819871702029354 68 72 71
0.002513681387915849 0.03272471150103773 1.178319956658527 66 70 69
0.011631118797897112 0.03285841238808687 1.178785349625145 67 71 70
0.02107848186468253 0.0332035898774652 1.1809572535875508 67 71 71
0.030427010849509467 0.033406472381108276 1.1819724263251885 68 72 71
0.038906358594318055 0.03308950213736339 1.1787966508959073 66 70 69
0.046991073615600246 0.03265177945774361 1.1746606664896282 67 71 70
0.05455149278680402 0.032068949053934453 1.1693742506320275 68 73 72
0.06234150216288446 0.03168842440970663 1.1657262659350422 66 71 70
0.07061712342510142 0.03155883426782318 1.164096715765659 67 71 70
0.07885170682546627 0.03143995687675036 1.162557589172812 67 71 70
0.0858864995767454 0.03095041598794729 1.1580701931784458 66 70 70
0.09050114601046932 0.029787063128098347 1.148239740825078 66 70 69
0.09718965796382512 0.029364960982448896 1.1443276338983597 66 70 69
0.10445237285115641 0.029150923962211188 1.142077320408741 68 72 71
-0.0966831601782798 -0.09221065039159129 1.2817055198116507 40 36 32
-0.08526243148387036 -0.09231998738055487 1.2820494753745235 40 36 32
0.12859762807064828 -0.07867295449592315 1.2140060177573664 67 71 70
0.13515676109369654 -0.07730647527830764 1.2074203671812476 66 71 70
0.09578317943702735 -0.07722603172140555 1.2332910141611124 67 71 70
0.10639087901409156 -0.07725244406320442 1.2332923440247607 66 70 69
0.12504713659505312 -0.07622388799049266 1.2277961639917692 66 70 69
0.1313579894965103 -0.07463142637004952 1.219571364483752 66 70 69
0.13905737676384494 -0.07371165667172533 1.2147697802116677 68 72 71
0.13185079185545315 -0.06962105259228421 1.2207245383689043 67 71 70
0.14006008763604538 -0.06892738046155514 1.2168000999661797 67 72 71
0.13892338081050873 -0.06343231267344498 1.2148974122467169 67 72 71
0.13927003754845932 -0.05840996000362744 1.2157224069868315 67 71 70
0.13838040743339455 -0.0530598438589617 1.2142716368271533 69 73 72
-0.1856669139303386 -0.052655117965332836 1.250119192187388 67 71 71
-0.17373740892243564 -0.05209506108378367 1.2455730368790117 68 72 71
-0.16188906914894305 -0.05148409585351372 1.2406006181503075 66 70 69
-0.1414496901281125 -0.051321181520988524 1.2394678181842833 67 72 71
0.07132096265533715 -0.04922384458497823 1.2243215120586202 67 72 71
0.08200426431574794 -0.04935293846204993 1.2255195177827705 66 70 69
0.09232163033193136 -0.04933860835906596 1.2255150785585958 67 71 71
0.13598659466067184 -0.047429005180311734 1.2100476435084102 68 72 71
-0.1713371148035512 -0.04605263331168252 1.2391073615563422 67 72 71
-0.16022064813979556 -0.04567716457418165 1.2357390759747222 66 70 69
-0.15049119873975325 -0.04571506004696144 1.2362966014505 68 73 72
-0.14011004538096156 -0.04553374031520001 1.2347705104316646 67 71 71
-0.13038255782471303 -0.0455975261761665 1.2355756251032348 66 70 69
0.06797393345915342 -0.04296651542009304 1.2143883566904443 67 72 71
0.11699906992009046 -0.04264305155612008 1.2122775360651488 67 71 70
0.12658672564951817 -0.04253185227146021 1.2114062022890077 66 70 69
0.13752882379530876 -0.042683385157855566 1.2130749258937097 66 71 70
-0.16940180152407922 -0.040320143591633814 1.2339017930797593 67 71 71
-0.158549223851711 -0.04001780434280802 1.230867604270627 67 72 71
-0.14904264385185642 -0.040063978109385015 1.2316873235798904 67 71 70
-0.1389306534449682 -0.039941183271072184 1.2306370577931456 67 71 70
-0.12960118187140612 -0.040083520932621276 1.2325263728553155 67 71 71
0.0661019908575073 -0.037413915224987326 1.2089228517246022 67 71 70
0.11514484273642489 -0.0372462332800025 1.2086132801091807 66 70 71
0.12412367700219487 -0.03705648789244134 1.2067782441587505 66 71 70
0.1359915255826895 -0.03734876224704113 1.2104250839980437 66 71 70
-0.16734809464337524 -0.034721561628305884 1.2283734993524789 68 71 70
-0.1563840094102212 -0.034397338405521144 1.2245441920392919 68 72 71
-0.14756592767690227 -0.03454705066929217 1.2269870098483497 66 70 69
-0.13791885879812155 -0.0345201126291195 1.2270934286358384 67 71 70
-0.12892340553014808 -0.034694908474820776 1.2298823461550987 68 72 71
0.13489585283007585 -0.03215913323483063 1.2085871693247296 67 71 70
-0.1663799589425252 -0.02946987708918974 1.2257904451795547 67 72 71
-0.15482910808718034 -0.029077194943747983 1.220012746438027 67 71 70
-0.14619941457066193 -0.02919503553289289 1.2226389103579858 67 71 71
-0.13695087344901125 -0.029217691552334252 1.2237036880980678 67 72 71
-0.12792469260092104 -0.029313218904107617 1.225982377779732 67 71 70
0.1331847751525339 -0.026965711327977277 1.205610590392419 67 71 70
-0.1653042735366129 -0.02428502379746382 1.222914708023246 67 72 71
-0.15404280603758758 -0.023998819459067417 1.2177390357378721 66 70 69
-0.14554646160134987 -0.024080515020961073 1.2205762389086112 68 73 72
-0.13598389355886364 -0.024020057179603073 1.220317079865577 67 72 71
-0.127131517717626 -0.02408810677949136 1.2228865055004547 66 70 69
0.1292272698859393 -0.0216965941378417 1.198479777476018 66 70 69
-0.15375226476349654 -0.01903680632620315 1.2169219010608772 67 71 70
-0.14481278762065572 -0.01902296582198756 1.2182545396302376 68 72 71
-0.125782554081153 -0.018892456342679907 1.2176156025175042 66 70 69
-0.1058795825583933 -0.018634433918298707 1.212766982740263 67 71 70
0.04617847900852777 -0.016663188019883427 1.1757249604912394 66 70 70
0.05750371892256287 -0.01682559828427309 1.1836030890790608 66 70 69
0.12845473986834935 -0.0168043851254903 1.1972289691021158 66 70 69
-0.16254269612926023 -0.014154541272149289 1.215503867207684 67 71 70
-0.12463539750142945 -0.013869740076379464 1.2131341697327052 67 71 70
-0.10469615782909153 -0.013648458755082062 1.2067854130796127 67 71 70
0.12711450628525725 -0.011943716697164486 1.194926476498809 67 71 70
-0.1421793507165798 -0.009120815135188903 1.2098728146816626 66 70 69
-0.12311944983059167 -0.008982696503979162 1.2072093256059813 68 72 71
-0.11313652556197407 -0.008912705244770348 1.2035595223196554 67 71 70
-0.1035797380815985 -0.008844579461379842 1.2011419914990673 67 71 70
0.12701548725274056 -0.007146453038813921 1.1949185267093825 68 72 71
-0.1595359553361122 -0.004485548080915752 1.2074231195330332 67 72 71
-0.1500999820949572 -0.004426839302145151 1.2062938225654702 67 71 71
-0.14059287303873566 -0.0043731522484300005 1.2048162384013235 67 71 70
-0.13123487007289203 -0.004315479676896236 1.203662005809726 67 72 71
-0.12201867972825681 -0.004252510312538548 1.2029089658977212 67 72 71
-0.11227177708519714 -0.004223971357350231 1.199746193596306 66 70 69
-0.10282092480808683 -0.004186337111392961 1.197298936032835 67 72 71
-0.09370695646981539 -0.004130359694865297 1.1961629147961277 68 72 71
-0.08487190993375512 -0.004049425331588261 1.1967200163680327 67 71 70
-0.07579879576930651 -0.003992227831918703 1.1956805552915049 66 71 70
-0.0670465573099518 -0.0038827753685027246 1.1980528714486611 92 11 11
0.10006707803182241 -0.002515825261345226 1.1983982647275302 66 70 70
0.10896949137539144 -0.0024650168346253137 1.197047997594704 67 71 71
0.11700508863722478 -0.0024469363002107784 1.1941017855201441 67 71 70
0.1281289025905288 -0.002307201906761383 1.1971557130587587 67 72 71
-0.12144031843231012 0.0004054273032431076 1.2006528527806295 67 71 70
-0.11215921504972803 0.0004442029501970611 1.1992440605432262 67 71 70
-0.10248680780726861 0.00041671502049335507 1.1955933917133046 68 72 71
-0.06712347613094907 0.000829559805073786 1.1987467278209294 92 11 11
-0.05803155046563894 0.0008941482197925808 1.1982217641293829 93 12 12
0.099525146687644 0.0022701467413535417 1.1973765547971769 67 71 70
0.10819900429135615 0.0022927265367864054 1.19562089716641 67 71 70
0.11662671309591982 0.0023028817186276362 1.1935362903619504 67 71 70
0.12745540031861108 0.0024785288834485303 1.1960842643468266 67 71 70
-0.12973260156597716 0.004907683773806799 1.1984051767794344 67 71 70
-0.1217555662388812 0.0051456143951972705 1.201893854735138 66 70 69
-0.11234065940244833 0.005150806368955933 1.2000361053655473 68 73 72
-0.1026219198066448 0.005069930248510268 1.1962489102197218 67 72 71
0.03138393225561914 0.005974752440723152 1.187820366336011 66 71 70
0.04005354142850773 0.005996207001263184 1.186471144118496 66 70 69
0.07996403046891795 0.006820026342478039 1.1959783649889282 68 72 71
0.10965272950114008 0.007238724491974505 1.1988421724226015 67 72 71
0.1175376455497481 0.007160859591747351 1.1955040308188551 67 71 70
0.12752130564074007 0.007297748903487108 1.1963823082623015 68 72 71
-0.1587800830699061 0.009681348956103338 1.205495151341451 67 71 70
-0.12204851482767247 0.00991395178452244 1.2030476360272155 66 70 69
-0.11307238851048934 0.010019747114020448 1.203250303716524 69 73 72
0.033215624984045025 0.011084728970423601 1.1957701356133346 67 71 70
0.04165337074086227 0.01098360735621309 1.1926797811432313 66 70 69
0.07880742944280804 0.011401195206166708 1.193186260942081 68 72 71
0.08964670431553168 0.011736033264337191 1.1968183773655563 69 73 72
0.09896456554044541 0.011813410369492391 1.1964980221322061 68 73 72
0.10926161422770564 0.012025085639489196 1.1982077875970805 67 71 70
0.11657895374639499 0.011831594223874736 1.1937971974840897 67 71 71
0.12577708139690602 0.01189830389798818 1.1933227294201894 69 73 72
-0.1648761727209568 0.013789250621743156 1.1983026068359977 66 71 70
-0.15712485887463115 0.014084022660929424 1.2010385512928567 67 71 70
-0.12178406451892812 0.014553066649016282 1.202019931258405 67 71 70
-0.1038572967658739 0.014783154789886788 1.2024148034859024 67 71 70
0.033993539975242015 0.01608341459267528 1.1992900470883838 67 71 71
0.0420956981431911 0.01581387174638641 1.1945618845133072 66 70 69
0.05061320258935491 0.015720769680449442 1.1920905224901204 66 70 70
0.059944450885254075 0.015854424664408055 1.192478509029176 66 70 69
0.08846083685874678 0.016301078585383627 1.1941660235150797 68 73 72
0.09805837987482949 0.016445674344628694 1.1946586945975564 66 71 70
0.1077907244880579 0.016604031899084395 1.1953123791290345 67 71 70
0.11504098214425898 0.01635271080490938 1.190948434348606 67 71 71
0.12350022204142094 0.016319395576111582 1.1892709554378689 68 72 71
-0.16230826571874432 0.01784052596628273 1.1918611621292943 66 70 69
-0.15457466208254025 0.0181410095663671 1.1941482513935808 67 71 70
0.023743436251094596 0.020355753238241868 1.1951477736131007 67 73 72
0.03322028039195592 0.020571003061542206 1.1962715111575837 68 71 70
0.04149047239041824 0.020327696611906233 1.1925200674181333 66 70 69
0.05012261625130736 0.020260218947053182 1.1906511291458575 66 71 70
0.058487016526323085 0.020138470076391073 1.1882215322211271 66 71 70
0.06684286673348981 0.020044764497285608 1.18610084339993 67 71 71
0.07689501698554313 0.020394703513129386 1.1886276686482276 68 72 71
0.08699871655013008 0.020717288288724385 1.1908475279461235 68 72 71
0.09665774111487865 0.02091100558126635 1.191711120801435 66 70 69
0.10589466839818698 0.021003870930607203 1.191522981919435 67 72 72
0.11218768350789746 0.0205306596178617 1.1855066491093176 68 72 71
0.12009165622233123 0.020406681531903517 1.1831127692184822 67 71 70
-0.15934539558205127 0.021598245135794822 1.1844198268059838 68 71 71
-0.15255750769632895 0.022138781884843653 1.1887051169422063 67 72 70
-0.13676537228285043 0.022763417696926525 1.192708572227334 67 71 70
-0.11948605588368591 0.023017356187458274 1.1930401580415166 68 72 71
-0.10226181843565729 0.023373390498574183 1.194340725108976 67 71 70
-0.092844204197109 0.023118143356435576 1.1908107050817152 67 71 71
-0.08379719426678642 0.023003734551970613 1.188652529108468 68 72 71
-0.07521894140747112 0.023230592628707754 1.1897672540609863 67 71 70
-0.06638779248262548 0.023255129067685884 1.1889446092904246 67 71 70
-0.04003711599654809 0.022797962689693682 1.1814903477208478 67 72 71
-0.031368138691307654 0.023062227205081283 1.1829468577409128 68 72 71
-0.02257919760512967 0.023345532964924476 1.1845685435026707 66 70 70
0.013398902259834151 0.024259697451823367 1.1888921872721392 68 72 71
0.0227057848372427 0.02453721970220886 1.190397541870255 68 71 71
0.032064968867891536 0.024787002132456194 1.1916351647670593 67 71 70
0.04047490417555233 0.02460712645629056 1.1889358947868507 66 70 70
0.04876083248601279 0.02442926787895111 1.1862704384190819 66 71 70
0.05717123327546683 0.024336557531648803 1.1843927783107622 67 71 70
0.06598793722087853 0.024395540929945662 1.1838965722864638 67 72 71
0.07557476757883844 0.024676584810667604 1.185401713716567 68 72 71
0.08494306875693741 0.024869272354047456 1.1861000426416681 68 72 71
0.09394377823567521 0.024953593094099676 1.185820719674908 67 71 70
0.10223516232252508 0.024868972054781814 1.1840335174018484 67 71 70
0.10848878680635143 0.024349748068843234 1.1783927160478673 68 72 71
0.11620953033252635 0.024200833569928283 1.17606755250041 67 71 70
-0.1513430908150415 0.026226527236083014 1.1854429269721547 67 71 70
-0.1432292416552714 0.026442149416137754 1.1863253266096598 67 71 70
-0.13529492509312477 0.02675361513124063 1.188019420411347 67 72 71
-0.1266516514231526 0.026823101292495675 1.1876358736263597 67 72 71
-0.11877426578079325 0.027246527899716613 1.1902612305923044 68 72 71
-0.10997180642262738 0.02728173545527386 1.1895768575086405 66 70 69
-0.10092803655381669 0.027164792750629073 1.187608772415113 67 72 71
-0.09179750959373187 0.026925547538836032 1.1846206832697463 67 72 71
-0.0833670333211478 0.0271499989509423 1.1855409452986796 68 72 71
-0.0747220865188418 0.027230826233279312 1.1852509068841703 66 70 70
-0.06600411695152586 0.02721994968950609 1.1841951745513604 67 71 70
-0.057324872655877754 0.02721500780687352 1.1831927613633335 67 71 70
-0.04857899595870335 0.026763497072453242 1.1784936740247454 68 72 71
-0.040074512512892 0.026640490447138225 1.1765352406845906 67 72 71
-0.031607180602726395 0.02671872025198334 1.1762434216382986 67 71 70
-0.022950146591131117 0.027165471544990875 1.1789750951892999 66 70 70
-0.014443756373255224 0.027156597230851454 1.177959345299045 67 72 71
-0.005621151588973104 0.027509529838316206 1.1798975996646586 67 71 70
0.0034797578753706163 0.02798006950794968 1.1827766213193456 68 72 71
0.012641398848761774 0.028359819001417208 1.1848988588659317 67 71 71
0.02189282944828895 0.02870486750308411 1.1867244690974883 67 71 70
0.03101855721116452 0.02891526157380439 1.1874515696220693 67 71 70
0.039502144462398414 0.028793652673049022 1.18550699858854 66 71 70
0.04760587593486068 0.028548240729833835 1.182581723679713 67 71 70
0.05591153261377693 0.028435571070894734 1.1807307166470027 66 70 70
0.06534641883204115 0.028750675914380297 1.1822886244910653 67 72 71
0.07531555859869263 0.029202792471172086 1.1849192526027021 67 72 71
0.08337757779410397 0.029020973950272158 1.182523970887691 67 72 71
0.09139712206231704 0.028859055099466423 1.1802977945204733 68 71 70
0.09941957030408843 0.028725389062884174 1.178304704719311 67 72 71
0.10528413949966231 0.028070504221377517 1.1722446832105755 67 71 70
0.11235336305833865 0.027780124013908183 1.169062521336373 67 72 71
-0.15043051381251651 0.03032242693750388 1.183000574485631 66 71 70
-0.14148375681364173 0.030207242080762475 1.1812220050267155 66 70 69
-0.13271445754438216 0.030133861242176395 1.1797693089245207 68 73 72
-0.12454023537158473 0.030309595206399295 1.180210379420729 67 72 71
-0.1166559166088328 0.030661452149939566 1.1819767128778098 66 71 70
-0.10749257089553146 0.030339990037059242 1.1786587824047183 66 71 70
-0.09889197736184634 0.030283280714427943 1.177346242737637 67 72 71
-0.09038362391930495 0.03025847578534792 1.176277908660003 68 72 71
-0.08251282268846119 0.030800304759069155 1.179442561796793 67 71 70
-0.0739103016025745 0.030720319095179797 1.1779586646256868 66 70 69
-0.06547538187092869 0.030809749459694682 1.1777379777452508 67 71 70
-0.05699323572666021 0.03081330521869185 1.176880915796176 68 72 71
-0.04848460772417185 0.03055791098170696 1.174116971903343 68 72 71
-0.0401109754378623 0.030331700059887272 1.1715816767796357 67 72 71
-0.03182684450337395 0.030250277602135563 1.1701203670590021 66 71 70
-0.023411088769915954 0.030606287805188738 1.1718619042988947 66 70 69
-0.01480342303227248 0.03106553632027273 1.1743425960955456 67 71 71
-0.006308797039493781 0.0311987395737816 1.1744375653379426 67 71 71
0.002311224759279751 0.031421055894632906 1.175174748486302 68 73 72
0.011384976174653838 0.03194530391349658 1.1780848665574002 67 71 71
0.020695448137842187 0.03249900342146247 1.1811869001785587 67 71 70
0.029809836257823352 0.032816843563482696 1.1825750178526624 67 71 69
0.03799366033187135 0.03259076690402429 1.1800604738830365 66 70 69
0.04593346210848262 0.032305968182927775 1.1771395407741865 67 71 70
0.054202859965723243 0.032225378491541105 1.1756858886843968 66 71 70
0.06397298695161492 0.03276297793313234 1.178621672621388 68 72 72
0.07404212911285643 0.03333887687083074 1.1818079472673466 68 72 71
0.08144195242919097 0.03293311647956325 1.1780537781158404 68 73 72
0.08808003354598709 0.03234552623559799 1.173041885130167 68 73 72
0.09568357351709011 0.03212628160980303 1.1706380012394513 66 70 69
0.10156440964584812 0.031452834394316745 1.1650736288990986 68 72 71
0.10679727144757023 0.030685611553052175 1.158887171475627 67 71 71
-0.13848977364006068 0.033283018315766105 1.17244319208358 67 71 70
-0.1292693921162762 0.032862241102163674 1.1687445224146489 68 73 72
-0.1214285290878208 0.03305659696727166 1.1692576718443646 67 72 71
-0.11389796459678564 0.03346026495258158 1.1711882646825056 66 70 69
-0.10481964729281966 0.032946678342232825 1.1668887228543565 67 71 70
-0.09609466233471825 0.03252867757284527 1.163257385528763 67 72 71
-0.088181872175896 0.03265538308038325 1.1633152143807697 68 72 71
-0.08060846714851286 0.03316574373905219 1.1659484642787845 66 71 70
-0.07254546343528996 0.03326250616980412 1.1657930675537032 66 70 69
-0.06471375895597292 0.03379375642314979 1.1685392050432568 67 71 70
-0.056612806938641305 0.03409160590948474 1.1697123557093174 68 72 71
-0.04835239613841273 0.03401210420340957 1.1683696258004774 68 72 71
-0.040147957088813496 0.03375392685055767 1.1658486150185134 67 72 71
-0.03205803987205718 0.0335324621496847 1.1635821556648385 66 71 70
-0.0240256231190654 0.03343751655365081 1.1621596248330204 66 70 69
-0.015701570007799134 0.03394118574912619 1.1646743888651265 67 71 70
-0.007393743622791611 0.03420613440535578 1.165609120287096 67 71 70
0.0008782231734452556 0.03435336197607165 1.1657674366419934 68 73 72
0.009608635693380156 0.03486941118389605 1.1683240823831713 67 71 71
0.018863582232516996 0.0356483210532625 1.172570487900468 67 72 71
0.0281825672921652 0.03629275532354909 1.175919603536181 66 71 70
0.03655115494854404 0.03625667037320585 1.1748538438905398 66 70 69
0.04440628571440769 0.035970310245570604 1.1721806149656542 66 70 70
0.052395945271880864 0.03581049036006313 1.1703324852496777 66 70 69
0.0613984217009888 0.03613184328637223 1.1715723013268433 67 72 71
0.06998653708839607 0.03624577820550815 1.1714788079261638 68 72 71
0.07723209060420036 0.0358451286309768 1.1681085740941923 67 72 71
0.0843790875052717 0.03546991267889908 1.1649165857263313 67 71 71
0.09176053494041034 0.0352257239044925 1.1625695539820873 68 73 72
0.0968222099266749 0.03429100094081606 1.1558765650042888 68 73 72
0.10171008206801069 0.033412462704434945 1.1495729950840574 66 70 69
-0.17995277377536245 -0.07429772339630725 1.2069876761196332 39 34 30
-0.05550435246086315 -0.07588984998550388 1.2154190832565908 41 37 33
0.001531236202902228 -0.07702750154523441 1.221343671108683 66 70 69
0.01049107101192178 -0.07625652348203249 1.2174780201262523 67 71 70
0.01918625811587893 -0.07542396885799335 1.2133005510647465 67 72 71
0.027537929531242275 -0.0744859448273214 1.208589339022946 69 73 72
0.03545558244749532 -0.07340972001655652 1.2031787927461428 67 71 70
0.043839302188312126 -0.07285781573618397 1.2004177492544321 67 71 70
0.05208140899895264 -0.0723052949256568 1.1976531476711976 66 70 69
0.059872209365569806 -0.07157584601864139 1.1939935682852483 67 71 71
0.0672303190916757 -0.0707213920788064 1.18970130293369 67 72 71
0.07484141395149253 -0.07010391960443552 1.1866066879951314 68 72 72
0.08417041937217642 -0.07034025200465596 1.1878295391243079 68 72 71
0.09553142495048528 -0.07139967528408112 1.193215723210276 67 71 70
0.1029703356329554 -0.07075616074284752 1.1899890445434402 66 70 69
0.10810013162641832 -0.06930824716438658 1.1826925650936237 66 70 69
-0.09461492056192981 -0.07370041821920037 1.2295173215161843 69 73 72
-0.06528398568160593 -0.07245770826554372 1.2229299716605748 67 71 70
-0.05570580343927854 -0.07200661254204535 1.2205315630953768 68 72 72
-0.0462536057231168 -0.0721356891482505 1.2213004747568812 67 72 71
-0.03672301630620249 -0.07234800580227549 1.2225244704742724 66 70 69
-0.027184068503460126 -0.07227251839992199 1.222176897843311 67 71 71
-0.017710698765314496 -0.07204609438249997 1.2210046542013266 68 72 71
-0.008089393599724097 -0.07213486560895355 1.2215546144336469 68 72 71
0.001177732333699326 -0.07169274928757594 1.2192031320952235 66 70 69
0.010271371528484903 -0.07118656600801852 1.2165006206290365 66 71 70
0.018989702638708 -0.07045974585686612 1.212590723696449 67 71 70
0.027780074880454975 -0.06995544061142503 1.2098964124746292 68 72 72
0.03548432157758215 -0.06877725843146154 1.2035148695287337 67 72 71
0.04370216803819066 -0.06815054009378334 1.2001482114658224 67 72 71
0.052975814056903825 -0.06823474687997194 1.2006708903795862 66 70 69
0.06065838601602891 -0.06745148543753804 1.196445762579203 66 70 70
0.06927835136313068 -0.06723479819555797 1.195320905523876 67 72 71
0.07708411175856282 -0.06667169697656311 1.1922988517338284 67 71 71
0.08607442180366831 -0.0666718122477632 1.1923604080490158 66 70 69
0.09692515482604705 -0.06739199259001992 1.19636666516518 67 71 70
0.10566018436124872 -0.06723542922854174 1.195570909163512 66 70 69
0.11469791546637603 -0.06719291932282592 1.1954000215631502 66 71 70
-0.02752882903026464 -0.06640191522447206 1.216615276452806 67 71 71
-0.008780510631720313 -0.06623236831283111 1.2158149023687446 67 71 70
0.0005166759280814184 -0.06605680053587146 1.2148742379231419 67 71 70
0.009121837319867217 -0.06522915248383312 1.2100503524537927 67 71 69
0.018092105444655726 -0.06492791024286844 1.2083591404503404 67 71 71
0.027110088035023724 -0.06471803969294979 1.2072115138637878 68 72 71
0.035027380281751244 -0.06382083677016029 1.201966630383804 67 71 71
0.043089492549973546 -0.06317574773536166 1.1982217600173344 67 72 71
0.052332909461737534 -0.0632618644762507 1.1988357947864565 67 71 70
0.06074517399770929 -0.06291712315721944 1.1968798805622969 67 71 70
0.06964027318292358 -0.06282969770382098 1.1964586344465475 67 71 70
0.07794748069624322 -0.0625005707042843 1.1945943605809144 67 72 71
0.08685761326144237 -0.06243782662101758 1.1943199717644664 66 70 69
0.09671765022788983 -0.06271503985348971 1.196076586251507 67 71 71
0.10553914742898449 -0.06259781572572065 1.1954774210663637 67 71 70
0.11599141640617769 -0.0630047880731717 1.198011793502629 67 72 71
-0.04629242052282115 -0.06064199429476648 1.210381657909554 66 71 71
-0.02778904473857107 -0.06093577689495124 1.212596039194042 67 72 71
-0.009283103810576662 -0.06075977999234285 1.2117478146616356 68 72 71
-0.0002849306420362463 -0.06039829409481647 1.209536628752231 66 71 70
0.008351945212574471 -0.059807297876577674 1.205823348940244 66 71 70
0.017240370945858105 -0.059559362976368053 1.2043506652573952 67 71 70
0.025909456395336927 -0.05920751516183737 1.2021969933273262 68 72 71
0.03400318657356158 -0.05857637714167156 1.1982132356841542 68 72 71
0.04226008288569279 -0.05814542021766409 1.195537162186516 67 72 71
0.052203641802110484 -0.058593940241519385 1.1986219542298402 67 71 70
0.06131113839006372 -0.05858330932312261 1.1986998747352806 66 71 70
0.07059685739570534 -0.05863414708626906 1.1991814108673517 66 72 71
0.07937772974878052 -0.05847588339725244 1.1982915846893032 67 72 71
0.08804469084975924 -0.05828853410737985 1.1972102984720459 67 71 70
0.09676775788337058 -0.0581334900308973 1.1963405275582093 67 72 71
0.10541189362214337 -0.05796336996602553 1.1953711953498471 67 72 71
0.1172432267796823 -0.05872787731557858 1.2005465295863944 67 72 71
0.007558005743493336 -0.054493534047482285 1.2014462938551707 67 71 70
0.01611310217658049 -0.05412109025395146 1.1989491550548421 67 71 70
0.024317692201785174 -0.05361219828587105 1.1954592256182723 68 72 71
0.032566858353358805 -0.05322555254832157 1.1928527275397864 67 71 71
0.04054908894421479 -0.05277430199633055 1.189773909259901 67 71 70
0.05071141564839769 -0.05334163981676241 1.1940965314729401 67 71 70
0.060532695237995385 -0.05366252958861861 1.196632540586398 66 71 70
0.07037662603601175 -0.053928287281677076 1.1987710854432252 67 72 71
0.079629499339386 -0.05394272569695795 1.1990822624080812 67 71 70
0.08785054427876399 -0.05361849756305034 1.196925696799348 67 72 71
0.09686063491276908 -0.05355886347486262 1.1966967512672073 67 71 70
0.10654028722961176 -0.05368239769285374 1.1978049817284075 67 71 70
0.11777630863599337 -0.05418893120986389 1.2017127027715022 67 71 70
-0.1685476548271805 -0.05322611176008215 1.2234391044127328 67 72 72
-0.15899991588568793 -0.05308754381566616 1.2226056944319053 66 71 70
0.014261514581927988 -0.04839734533442021 1.189891565963305 67 71 70
0.02200043927030304 -0.04782872354612529 1.1855267269749856 68 72 72
0.030101609478783764 -0.04754583882421701 1.1834830140927979 68 72 71
0.04830360150337985 -0.04787202599800753 1.1866673259670928 67 71 70
0.05879155877007955 -0.04846487882150912 1.191775850985096 66 70 69
0.06900475002694875 -0.04886148009713408 1.1952893866717758 67 71 70
0.07884735854811925 -0.049075903419932725 1.1973188411839013 66 71 70
0.08684174967417668 -0.048730369214696756 1.1947653860578962 68 73 72
0.11781292927997963 -0.04950169684388874 1.2019324977768329 66 70 70
-0.16784526978729944 -0.04815664122309806 1.2215197531575115 67 72 71
-0.15858936307750024 -0.04810063062061132 1.221373820799789 66 70 69
-0.1499765909354816 -0.04827385476074995 1.2233084376458947 67 71 71
0.011974708872466523 -0.04270843382107606 1.1786252439567588 67 71 70
0.019691307446043277 -0.04234726600655523 1.175614269307681 68 72 71
0.027931307976817907 -0.04227162841202673 1.1752475420207944 68 73 72
0.04661296145638691 -0.042871154563040775 1.1815000086041463 68 72 71
0.057640535014732194 -0.043598557907804876 1.1886225087846876 66 70 69
0.06832152053775682 -0.04409845445527047 1.1936409130164565 66 71 70
-0.1677534572836494 -0.04330311453362158 1.2212444913330753 67 72 71
-0.15846695594767185 -0.04323233157114205 1.2209808416095862 66 70 69
-0.14944442446493067 -0.043243537096178036 1.2215754662522809 67 72 71
0.00227439220255414 -0.037747892610379835 1.1711079376155578 91 11 11
0.01051957588605807 -0.037747083012926605 1.171533786272095 67 70 69
0.01837297424224754 -0.037567903865590335 1.1700415169162421 67 71 70
0.026669030833863655 -0.037573332627198565 1.1705364091162016 68 73 72
0.04536015445745438 -0.038155433259877185 1.1777136114381914 68 73 72
0.05658197131420463 -0.0388537250437532 1.185733263227596 66 71 70
-0.1764581440099628 -0.03843594990786489 1.2200476636180675 68 72 71
-0.1669780043588977 -0.038310400160566825 1.2191289867824506 67 71 70
-0.15738773323321098 -0.0381520369114703 1.217803614273163 66 70 69
-0.14874417625457043 -0.038223202870519724 1.2193106541557848 68 72 71
-0.13949800672276622 -0.03815433142936647 1.2190913793010436 67 72 71
-0.1303687834630943 -0.038124632398157644 1.2193586356293924 67 71 70
0.009664450660906147 -0.03323534486443917 1.167458620925821 66 71 70
0.01728437175691843 -0.033035491578144095 1.1654705753045245 67 71 70
0.025361838280914206 -0.03300417016025488 1.1656433350452589 68 72 71
0.03393736381620635 -0.03309980053730056 1.1674545813376918 68 72 71
0.04358247625287484 -0.03342636699164053 1.1722578833102233 68 73 72
0.054946435144443126 -0.034068453003136476 1.1811672412898677 67 71 70
0.06693379774642874 -0.034723268555249896 1.1902812422906721 67 71 70
0.11733046449867654 -0.03532763738596815 1.2014606999560962 67 72 71
-0.165429567711472 -0.03324305511296814 1.214933223904553 68 72 70
-0.15549268833859958 -0.033009102951437205 1.2122533145477115 66 71 70
-0.1473836118317601 -0.03313280796454264 1.2149554233573145 68 72 71
0.009106535098613568 -0.028941767145106836 1.1648778179408115 67 70 70
0.016385849458254324 -0.0286941007106969 1.1617292337236627 67 71 70
0.024545468948177468 -0.028703334206981453 1.1626573811791174 68 72 71
0.033505130750992124 -0.02887122060697445 1.1661278393791994 67 72 71
0.0432598837600591 -0.029150926849624392 1.1714123732681827 68 72 71
0.054486734200892395 -0.029634575142747706 1.1800076130140111 67 72 71
0.06621096113011395 -0.030109874966905092 1.1885209522042985 67 71 71
0.11638758506256058 -0.030525687866940644 1.1998076470688464 67 71 70
-0.1644834480834016 -0.02838481264783787 1.2123592980102664 67 71 70
0.00870776642675837 -0.0247658441799292 1.163097153014764 67 71 70
0.016314194172986386 -0.024641160416544954 1.16162516914092 66 70 70
0.024587925948661188 -0.024653898616076073 1.1630189736160839 67 72 71
0.033527696401807 -0.024760147388660343 1.1663919611375113 68 72 71
0.043386625283947516 -0.024970483478622907 1.171992416636828 67 73 72
0.05416985414942285 -0.025257172837215444 1.179261184129935 67 72 71
0.09378326936919007 -0.025568605837329728 1.1909901918785497 67 71 70
0.10173472356001162 -0.025414360818629966 1.1889688605442976 67 71 70
0.11333693616392407 -0.02559061539157222 1.194120814049992 67 71 70
-0.07126903836772633 -0.021906346014184137 1.1806264651661402 94 14 14
-0.046438211897663416 -0.02156237254378888 1.176028859664141 91 11 11
0.008560167306972559 -0.020687241853254466 1.1625843905785551 66 70 69
0.016389107669224946 -0.020614641900767467 1.162167136121855 66 70 70
0.024613942673498146 -0.02059352041219845 1.1633167808539406 68 72 72
0.0331928466136045 -0.020602325380580336 1.1654038100708926 68 72 71
0.043287940283331744 -0.02075150540974651 1.1718568877567281 68 73 72
0.09237560475314013 -0.020951335002956033 1.188101935691852 68 73 72
0.1003284037563571 -0.02082840102111489 1.1862618177154873 67 72 71
0.10631367292836946 -0.020595169047658794 1.1808252393234164 68 72 71
-0.10980955934144043 -0.01850506442824157 1.2086789268059412 68 72 71
-0.08078370933144813 -0.017923494611806687 1.1912041245838103 67 71 70
-0.07117723844073735 -0.01760893696676548 1.1792945168328317 93 13 13
-0.06263263553023811 -0.017432712584923012 1.1738982711566293 94 14 14
-0.05453111732257081 -0.017352142791613498 1.1731233405730972 93 13 13
-0.04645533626966191 -0.01727452077778235 1.1724859505296958 92 11 11
-0.038280922681507984 -0.01729289314917188 1.176705455719195 91 11 11
-6.56888519390067e-05 -0.01662411959857884 1.158561669292046 92 11 11
0.007859479805478443 -0.01657451030758543 1.1592692323287521 66 71 70
0.016068779030950955 -0.016542322819109043 1.1609656594115758 66 70 69
0.02448412413413148 -0.016515328981725072 1.163005828698851 67 72 71
0.03308219165012628 -0.016489944014806353 1.1652004431559084 67 71 70
0.042978268404868555 -0.016526966123103465 1.1710503322428896 68 72 71
0.08246103365922361 -0.016502921051147704 1.1857710725888364 68 72 71
0.09186073907893183 -0.016454654854231313 1.18714086180158 67 71 70
0.09994020593541789 -0.016359395195789432 1.1856198816487222 68 72 71
0.10721499948851346 -0.016242546647882734 1.1826909413492062 69 73 72
-0.10977855490752246 -0.013844054083456505 1.2084151107851149 67 72 71
-0.08034326139371625 -0.013480737592346961 1.187269681884183 67 71 70
-0.07108264043477572 -0.01335266470373237 1.1779347403347824 92 11 11
-0.06254419059797184 -0.013248251375282368 1.1719910571473302 94 13 13
-0.05445387968594398 -0.013167348421334907 1.169871590270669 94 14 14
-0.04646931404881505 -0.013091106087143041 1.1684817171331785 94 13 13
-0.03845423278628763 -0.013034317159706002 1.1709327830075371 92 12 12
-0.030410982755884986 -0.012964393649576635 1.170872747787944 91 11 11
-0.022509457403202326 -0.012885749527653098 1.1688750044518907 93 12 12
-0.01506145153329189 -0.012794377713099197 1.1636332937497622 93 13 13
-0.007592004958520755 -0.012714099511619805 1.1605887485432658 94 14 14
-0.0002421435279105974 -0.012636021660058665 1.1577712067599892 93 13 13
0.007696590267663304 -0.012571948263902148 1.1586745488358308 67 71 70
0.016107560489228116 -0.012512875407414007 1.161348179226367 66 70 69
0.024496202139120363 -0.012450030352577652 1.163249345947517 66 70 70
0.04363108338036177 -0.012336034102888808 1.1733045395970483 67 71 70
0.05335532351090756 -0.0122729548487109 1.177411907487235 68 72 72
0.07349048284681912 -0.012139550687175187 1.1853729455614335 68 72 72
0.08211943278854006 -0.012063657174895218 1.1851374560697132 66 70 69
0.09146029306617232 -0.011989426818855065 1.1864262293285561 67 72 71
0.09973391989422778 -0.011912276773337373 1.185346893593818 67 71 70
0.10772003734898583 -0.011835210765873794 1.183799186713761 68 72 72
-0.12741840926655149 -0.009362404669317129 1.207573283963423 66 70 70
-0.10918717181011324 -0.009214334822134497 1.20540281104597 68 72 71
-0.07984210071115594 -0.009160173419548476 1.1828315501793931 67 71 70
-0.07095017127349074 -0.009142137732242012 1.1761604045225067 92 11 11
-0.06252918386341172 -0.009111265552513317 1.1712712085736885 92 11 11
-0.05445009033317225 -0.009059990837516812 1.1688237657578266 93 12 12
-0.0464961129442888 -0.009001894643921315 1.167203087379913 94 14 14
-0.03853389405347041 -0.008910113619132243 1.169063766914935 94 13 13
-0.030558593675686196 -0.008839014939654674 1.1687694848050587 93 12 12
-0.02283612836392056 -0.008800593608973947 1.1653331018059612 92 11 11
-0.015435645567589949 -0.00877767567821078 1.160600002349819 92 11 11
-0.007936540609842592 -0.008729280588762336 1.1584112645741784 93 12 12
-0.0006616491040499287 -0.008689626514729817 1.1555324050666176 94 14 14
0.007069437530804898 -0.008616109342223378 1.155723175986978 67 71 71
0.01508120589342609 -0.008529279209696665 1.1570234280556404 66 71 70
0.023956821338118384 -0.008405373496969543 1.161334588640756 66 71 70
0.04315736219649091 -0.00812463828991204 1.1719754998031193 66 71 70
0.053110320857699636 -0.007985103521602787 1.1768709803391997 67 71 71
0.06315858591065195 -0.007850214354759235 1.1811937144430122 67 72 71
0.07298452777066085 -0.007729338681664883 1.1842783572262332 67 71 70
0.08190636663111456 -0.007641583974937116 1.184800393498538 66 70 69
0.0909788303683226 -0.007550376303134924 1.1855354551731578 67 71 70
0.09917828988762695 -0.007485674066219961 1.1843633201458397 67 71 70
0.105951771564704 -0.007459677566729167 1.180551259112449 67 71 71
-0.17702391896763092 -0.0054118652236200045 1.1999261400927732 67 71 70
-0.16019086704067023 -0.0052271480221731375 1.2006748092318587 68 72 70
-0.12659429799468627 -0.004805566345494719 1.2043344731288177 67 71 70
-0.07092747339034497 -0.004957321165557504 1.1755994326189978 94 13 13
-0.0626412301139884 -0.004948853520974111 1.1725931446709223 92 11 11
-0.054563973885632375 -0.004901399394504794 1.1712669872069947 91 11 11
-0.04653846757560888 -0.004877726469768412 1.1689884948342413 93 11 11
-0.03855293672112358 -0.004780042076448346 1.1697551860708668 94 13 13
-0.03057542573770641 -0.004715722953543349 1.169159608496771 94 14 14
-0.022724240684014744 -0.00468618660184565 1.1671916189928695 93 12 12
-0.015393965822006101 -0.004756626417880947 1.1613427586950742 92 11 11
-0.0077989991449662205 -0.00472164890172262 1.1597011282324017 92 11 11
-0.0007099196228905133 -0.004754189288493218 1.155500941820985 92 12 12
0.006773164461610581 -0.004705961908146318 1.1544468487047594 66 71 70
0.014669436293036867 -0.004604351907712996 1.1554103167363543 66 71 70
0.023560355286529028 -0.004404871829817735 1.1599767745845337 67 71 70
0.07277701748543365 -0.0033331466571629303 1.1839240348156819 67 72 71
0.08112877561132029 -0.0032693301280127002 1.1831564575454008 67 71 70
0.09063733397554419 -0.0031315766992654273 1.1849467644822136 68 72 71
0.09943285601359189 -0.003042664313128175 1.1850267065832925 67 71 70
0.10581403625985852 -0.003091969755787006 1.180426825125981 67 71 70
-0.1687378335828366 -0.0008179682518829196 1.2005566549171305 67 71 70
-0.16005549562356053 -0.000737457366122591 1.200284461851984 68 72 71
-0.07079442450123102 -0.0008374245288180811 1.1738254227350444 94 13 13
-0.05463624459372507 -0.000721006578545777 1.1724665773688208 92 11 11
-0.046585576761127734 -0.0006707097911144572 1.171592965810788 91 11 11
-0.038523516102679636 -0.0005493672582882903 1.1725283390508703 92 12 12
-0.030507410552977707 -0.0005180281196421489 1.1711804665389072 94 13 13
-0.022675325259357976 -0.0005495820574828395 1.1682777845013979 94 14 14
-0.01525513925789787 -0.0006796598183223777 1.1629725627474519 94 13 13
-0.007710569990647134 -0.0006918964113306059 1.1606395872685293 93 12 12
-0.00025101516421483644 -0.0006976809864613059 1.1584939437022004 92 11 11
0.006973818399075647 -0.0007315905084372774 1.1556938396717737 67 71 70
0.015430472466203549 -0.0005136858691741422 1.1589863541724 67 71 70
0.07340856699637673 0.0011408309814188826 1.185655211507059 67 71 70
0.08076124086540123 0.0010927795173481976 1.1824601711713785 67 71 71
0.09083299983879023 0.0013185666985347996 1.1855211116114812 66 71 70
0.10051054754574429 0.0014925281167855811 1.1873658181468465 67 72 71
0.10741994670489938 0.001419301768051301 1.1836474221531064 67 72 71
-0.17797206675892668 0.0036581802100793433 1.2021194358215521 66 70 69
-0.16706841691081084 0.003468454545344779 1.1963584651946437 68 72 71
-0.15857084158020107 0.0035578686152418076 1.1962648051686595 68 72 71
0.008288525350847002 0.003596383502568693 1.162609928764293 67 71 70
0.07269641190844882 0.005469404502353607 1.1840458230038367 66 72 71
0.0797921673987118 0.0053498627572098785 1.1803694977006944 68 72 71
0.08980737836698408 0.005627407250488041 1.1834488083313146 67 72 71
0.10016407136134894 0.005923823436292476 1.1868074258582788 67 71 70
0.1093102112306393 0.00605839671791792 1.1874168607480293 68 73 72
-0.1758652244158235 0.007852704930835046 1.1971738394097136 66 70 69
-0.16577478932287837 0.007691174182944113 1.1931014352553166 68 72 71
-0.15752654260528584 0.007810542332074132 1.1934302354216348 67 72 72
0.0716283666988421 0.009682335446085637 1.1815488407795107 66 71 70
0.07894973985928849 0.009563488837273443 1.1785700877180199 68 72 72
0.08814387136039714 0.009769017195426874 1.179990972041629 67 72 71
0.09915268108102213 0.010235169483726669 1.1848939008256245 67 71 70
0.10803383760171065 0.010354130269649812 1.1851087444695383 67 72 71
-0.17349225218000894 0.011853090770171718 1.191605669975116 66 70 69
-0.16413339253222672 0.01174896301622171 1.1889743802974015 68 72 71
-0.1562179381649572 0.011922743302287792 1.1898853306236095 67 72 72
-0.14836994822196342 0.01212904402583364 1.1911957875233785 67 71 71
-0.14126586619931686 0.012546974362411187 1.1951511558679828 66 70 69
-0.13238199869969153 0.01254113504107401 1.1937674090258943 67 71 70
-0.12438415762689688 0.012790068490578264 1.1955663593745403 68 72 71
-0.11578037594804497 0.012872163350513388 1.1952773082388257 68 72 71
-0.10701680308402006 0.012892517784897098 1.1942250999062065 67 71 70
0.061922340525366035 0.01368252362931963 1.178703974728946 66 71 70
0.0709047600355589 0.013893840431201447 1.1799067474228628 66 70 69
0.07860189573879857 0.013822648003874338 1.1779157032160072 66 71 70
0.08775144146141561 0.01405013352218857 1.179287428946303 67 70 69
0.09820529412562501 0.014498239181344824 1.1831088513839696 67 71 71
0.1070269198573364 0.014624452628292418 1.1833160360960533 66 71 70
-0.17117403952371824 0.01570202664419943 1.1861661684320264 67 71 70
-0.16274278739602513 0.015743457906911278 1.1854755194192403 68 72 71
-0.15501391274910947 0.015956277476978947 1.186622268296274 67 72 72
-0.1472891810477135 0.01619387324074647 1.1880217844876897 67 71 70
-0.1406740864401077 0.01679192569795588 1.1932371411867955 66 71 70
-0.13150243455259675 0.016657985473324623 1.1906635290140941 67 71 70
-0.12304437950036272 0.016737184971534536 1.1903538228077273 67 72 71
-0.11462364098506282 0.01683269526104198 1.1902150833630325 68 72 71
-0.10613568195921382 0.016902538872821164 1.1898061890700142 67 71 70
-0.09711465185766532 0.016680247276678294 1.186353036354846 67 71 70
0.06261879435194154 0.018199340623322076 1.1807421500019761 67 71 70
0.07147993720705496 0.01838851075724251 1.1814987572984714 68 71 70
0.07876681925707796 0.01818350328326094 1.1784503594157083 66 70 69
0.08739431413106546 0.01831588888237482 1.178659729807348 67 72 71
0.09726317606669507 0.018706368604705773 1.1813327026915794 68 72 71
0.104607496174705 0.018553389530021218 1.1788063735387901 66 71 70
-0.1608187964918648 0.019490986298825827 1.1806422451139678 68 72 71
-0.15275663060854067 0.019587476707614543 1.1805276065958672 67 72 71
-0.14488434133054323 0.01974781557927098 1.1810009593224067 66 70 70
-0.13884231587500817 0.020553141506532972 1.1874035515828658 67 71 70
-0.12989288808638086 0.020406468763417354 1.1850298609443128 68 71 70
-0.12130985370194013 0.020364626113842682 1.1836281342280008 68 72 71
-0.1129420208708215 0.02039569868438603 1.182897699185319 67 72 71
-0.1044120915276338 0.02032739489122367 1.181268124137039 66 71 70
-0.09557413530507737 0.020019410231459887 1.177479922801197 66 71 70
-0.0866303599666936 0.019483665547435032 1.1716629138249826 67 71 70
-0.07835180018893631 0.01927418732653769 1.1688138918806688 68 72 71
-0.07115987314612132 0.020217137052296122 1.1762965333074196 67 72 71
-0.06316155697055251 0.020520651569891385 1.17802210862139 68 72 71
-0.05495290527633945 0.020522975100090803 1.1770563193507648 67 71 70
-0.046766431261971886 0.02026645969479257 1.1738019974674958 66 71 71
-0.006229177478339981 0.020714554598632376 1.1728974741195297 67 72 71
0.002578326269398315 0.021269268965854772 1.1767493945746335 67 71 70
0.06165745434378561 0.02224884002436485 1.1783214029467288 67 72 71
0.06999231605408927 0.02232003017723517 1.1779500436360126 67 72 71
0.07775770938586415 0.022234503093507052 1.1762598781267344 66 70 70
0.08620925642746824 0.022346202911590646 1.1762330823843379 67 71 70
0.09463004041689044 0.022446019065904786 1.1761047910129951 67 72 71
0.10000369665695016 0.021839625918917 1.1700914018193511 67 71 70
-0.15073806590241953 0.023118574422282996 1.175075830781617 66 71 71
-0.14247588009769863 0.02309473313011725 1.1739711750288975 66 71 70
-0.13571429795067835 0.023638017381808665 1.177474217133752 67 72 71
-0.12757560039344706 0.02368588998008983 1.1769448494542025 68 72 71
-0.11886963591997039 0.023458478790723387 1.1741967987867081 68 72 72
-0.11002859947900347 0.02308459740513328 1.1702867808605797 67 71 70
-0.10201285278007949 0.023089067593769018 1.1694312034421404 67 71 70
-0.09362595795612638 0.022808501921839246 1.1663023673354052 67 71 70
-0.08518768427336582 0.022348115627679382 1.1617597063329028 67 71 70
-0.07715631781262325 0.022061453581955215 1.158622632161021 68 72 71
-0.07048092191281452 0.023425892131795585 1.1685654407202464 67 72 71
-0.06290789237287837 0.024165834016441824 1.1735182893467442 68 72 71
-0.05477410166949777 0.023953641495021438 1.1709529819208342 67 71 70
-0.046757724005943066 0.02352985943140399 1.166743831039791 67 71 70
-0.038925252873626276 0.02331787283311492 1.164213613958362 67 71 70
-0.031025098885952722 0.023589962922889847 1.1654665233004395 66 70 70
-0.02333597882940973 0.023377483698110893 1.162948375508601 67 72 71
-0.01565591312066181 0.02330238842754443 1.1615070425159673 66 70 69
-0.007169077555358241 0.024046483817161332 1.1663908883221215 67 72 71
0.0017518953682496771 0.024898251139877835 1.1720696434072087 68 72 71
0.010939712884679001 0.025700296792565365 1.1773293968343 67 72 71
0.04188276314828768 0.025117305088707166 1.1693262809046265 68 72 71
0.05093413809289561 0.025572472048500494 1.1718849000318332 67 71 70
0.05946849531945014 0.025783901677839963 1.1725923345878089 67 71 70
0.06678609307050193 0.025570807246931976 1.170110646954536 68 71 70
0.07443791895262938 0.025499191109798064 1.1686996954776225 67 71 70
0.08323200151277327 0.025778434481772708 1.1699093007397106 67 71 71
0.0916132468062377 0.02592023594413597 1.1700885112441592 67 71 70
0.09607182578100851 0.02503495478758125 1.162660797744511 67 72 71
-0.14865348153371968 0.026465454646773037 1.169447490902628 66 71 70
-0.14021733801584288 0.02629564142878795 1.1673784991608804 66 70 69
-0.13306158004453308 0.02663961263743178 1.1690498986771187 68 72 72
-0.12473081923222983 0.02647587437524239 1.1670345115542538 67 72 71
-0.11557039086277172 0.025819377589208645 1.1614731983926667 68 73 72
-0.10642433626923019 0.02499185729663713 1.1547126069625206 67 71 70
-0.09806364465861332 0.02444777991816635 1.150023712776492 66 70 70
-0.0903359005910569 0.024206506671177894 1.1475266131416197 66 71 70
-0.08305645536998549 0.024270705768321063 1.1472208524092578 67 72 71
-0.07572512944972831 0.024273871381862197 1.1464811782290445 68 72 71
-0.06942529741976423 0.025827858991926557 1.156737167355526 68 72 72
-0.06232612762650437 0.02694379283989637 1.163834469687701 68 72 71
-0.05443947454075908 0.026570865973734946 1.1603965032185617 67 71 70
-0.04674194135432199 0.026458887227359423 1.1588103320087018 66 71 70
-0.03910572866063637 0.026416422208307658 1.1577185958521576 66 70 69
-0.03131160304427163 0.02693947216498182 1.1605809823422635 66 70 69
-0.023893095965913554 0.02646138879879848 1.1564533538193034 67 71 70
-0.016569998209490917 0.026144258992886728 1.1534657106212642 66 71 71
-0.008278588082225466 0.02700349526211173 1.1586368129163476 68 72 71
9.339632010254423e-05 0.027661207110774994 1.1623846197952754 68 72 71
0.008690292079142778 0.028314065923207392 1.1660749793790144 68 72 71
0.01741469878367019 0.028901519877882496 1.1692928738948665 69 73 72
0.025317752620179323 0.02889980812385793 1.1684595390447832 68 72 71
0.04080558418518085 0.02878649311532134 1.1660543873394098 68 73 72
0.05867901760883876 0.029702315841199783 1.170626986863053 67 71 70
0.06531264573817863 0.02922509439397971 1.1665869776638502 68 72 71
0.07083141201870116 0.028434852445161675 1.160465083054822 68 72 71
0.0793978976171539 0.028739819529819903 1.1617160225973004 67 70 70
0.08975841553119457 0.029565873785069106 1.1664391210400922 68 72 71
0.09160291166313334 0.027848436353471583 1.154189144774509 67 71 70
-0.14518408632818505 0.029083764801553384 1.1600973547603655 66 71 70
-0.13648353523969448 0.0286528606463195 1.156501840410438 66 70 69
-0.11289299989101904 0.028174081254281613 1.1511410859322855 68 73 72
-0.10397279123295824 0.027205401249839292 1.1441018848418296 66 70 70
-0.09516452639170472 0.026030695672784154 1.1357626194479955 66 71 70
-0.08741096891783598 0.025376140363809127 1.1308367918535978 66 70 69
-0.08088862797977028 0.025730480897676947 1.1324518518220734 67 71 70
-0.07458208770563224 0.02650467297740909 1.1367598081257166 67 72 71
-0.06821366814326904 0.02761998915757965 1.1432324400178566 68 72 71
-0.061546304022526754 0.02895161576504339 1.151052240709083 68 73 72
-0.05408664491778999 0.02880468001489537 1.1493854825200311 67 71 70
-0.04671034645436167 0.028803645901988098 1.1486553473499097 67 71 71
-0.0393396275029449 0.028933463869677364 1.1487584375537243 66 71 70
-0.0318251441409692 0.029435981197567726 1.1512191004565624 66 70 69
-0.024692745723453 0.028866283254971523 1.1468941938933983 66 70 70
-0.01797764315789842 0.028020910989428084 1.1408559652879775 66 71 70
-0.010430058166294873 0.028518782478517052 1.1432838173659672 67 71 70
-0.0025301450574643017 0.029205765844157072 1.1468805235970043 67 72 71
0.005718722914675532 0.029996813062924906 1.15110521121726 67 72 71
0.014805691697868446 0.031202952594684988 1.1578891306430474 68 72 71
0.022591033805179753 0.031326225925032564 1.1579099028619075 68 73 72
0.02959576473380303 0.030992708544965414 1.1551004559879048 68 72 71
0.03785214079382157 0.03138197668368399 1.156767683326371 68 73 72
0.04793907212597194 0.03258809765022537 1.1634533964598435 68 73 72
0.056075864258103375 0.03276331346466272 1.1637702306407172 68 72 71
0.062454121026357515 0.032206416851566576 1.1596007605529146 68 73 72
0.0673383021562939 0.03116354705917429 1.1524853535726227 68 73 72
0.0750005973149477 0.031250828900552044 1.1522891636162638 67 73 72
0.086191869841941 0.03252328666516362 1.1592886845530714 68 72 72
0.09011785719933507 0.0313529262444161 1.151455981103528 66 70 69
-0.13919597264061206 -0.07546778340116828 1.2103109061313115 68 72 71
-0.10396971368518776 -0.07618187819148294 1.2147211865426244 68 72 71
-0.0945222325278108 -0.07582354093143191 1.2131369536775902 66 70 69
-0.08484013744340888 -0.075016868414263 1.2093019884642482 67 71 70
-0.07550324276884693 -0.07445330376416279 1.2066824192995287 67 71 70
-0.06629463246579118 -0.07386085989081388 1.20391454603166 68 73 72
-0.057363730787880624 -0.07375263634559268 1.2035769915552728 66 70 69
-0.048475173134942526 -0.0739287814194296 1.2046694926337482 66 71 70
-0.039504848659595075 -0.07436269291855947 1.20706105569778 66 70 69
-0.030386533006007584 -0.07478035049096546 1.209374254771565 68 72 72
-0.021214755787037094 -0.07490744428913361 1.2102264799723026 68 72 71
-0.012297034093695244 -0.07436050516034726 1.2076808574539961 68 72 71
-0.0035267982754398075 -0.07379760527889494 1.2050514956797724 66 70 70
0.0050308420704019 -0.07314355854881413 1.201958523692381 66 70 69
0.013665169829904067 -0.07276036596736463 1.2002303576936177 67 70 70
0.02268188562980454 -0.07282245101938742 1.200751842213436 67 71 70
0.031254641334565944 -0.07248323550713745 1.1992435558829606 69 73 72
0.04010349577944948 -0.07240403844258866 1.1990501700343943 68 72 71
0.04915217055722122 -0.07245706644161268 1.1995268174233598 68 73 72
0.05879574234722766 -0.07284403806300432 1.2016977726311313 66 71 70
0.06802109659811068 -0.07292271332701342 1.2023075818733444 67 71 70
0.0771270705366823 -0.0729161964546141 1.202485908178157 66 70 70
0.0994576838064854 -0.07078168853903144 1.1922620894256888 68 73 72
0.10783868905474764 -0.07058445555980458 1.1914638606169596 69 73 72
-0.15000574214877666 -0.0718060123848754 1.2155748173534593 68 73 72
-0.1404096573238129 -0.07149379408226827 1.2141327929043122 67 72 71
-0.1306579155794338 -0.07103402434133643 1.211891638040563 66 71 70
-0.1219184781850347 -0.07122309156243808 1.2131557418308572 66 71 70
-0.11311998868051268 -0.0714322745946529 1.214530948118761 67 72 71
-0.1040125424065532 -0.07143719435876539 1.214802386828248 68 72 71
-0.0945875801603974 -0.07112465808300908 1.2133540343624922 66 70 70
-0.08501390885515664 -0.07052139793138693 1.2103268935223084 66 71 70
-0.07580946356500017 -0.07026027016163516 1.209152499764063 67 71 70
-0.06649000037245409 -0.069614006983867 1.2058844094497507 68 73 72
-0.057489095998645504 -0.06945615885546483 1.205266831586697 67 71 70
-0.04854460993334551 -0.06954357677266189 1.2059830360037584 67 71 70
-0.03954115828633402 -0.06984158996657265 1.2078473647783816 66 70 69
-0.030415175578042606 -0.07015259883833766 1.209785737268189 67 71 70
-0.021327594232507616 -0.06999229477682234 1.2091571170203754 67 72 71
-0.012432968630408544 -0.0695003225847215 1.2067176181023689 68 73 72
-0.0037320762332667817 -0.06891489269668838 1.2037641047339405 68 72 71
0.004985461796341205 -0.06854571139395813 1.2019883570924674 67 71 70
0.01372836920887939 -0.06829653577773886 1.2008666359127171 66 71 70
0.02247909570840148 -0.06810184155819105 1.2000417369389302 66 70 69
0.03089353565127731 -0.0676791114202806 1.197966312115105 68 72 71
0.039719453075961725 -0.06761142702866864 1.1978349104940411 67 71 71
0.04867944716196734 -0.06762350674435234 1.1981413689877816 68 72 72
0.0580295203351584 -0.06783589105533987 1.1995488211843863 68 72 72
0.06804006070427002 -0.06833610509090868 1.202541042147708 67 72 71
0.07696022098994944 -0.06823432096957294 1.2022265235897927 68 72 71
0.08591108763979449 -0.06814905565226728 1.2020027629494567 66 70 70
0.09343291655950209 -0.06748298509671816 1.198578545652479 67 71 70
0.10150887468422096 -0.06710219859499877 1.1967223812026355 68 73 72
0.11143061604942758 -0.06741907808214806 1.198714091519931 68 72 71
-0.14017871814713906 -0.06662115840680394 1.2133354296536816 67 71 71
-0.1307053824741813 -0.06634388851145859 1.2119868901874518 67 71 70
-0.12182286819177664 -0.06641626023505316 1.2126931057203647 67 71 70
-0.11291698171623478 -0.06650987408109943 1.2135260046468543 67 72 71
-0.08461471537919743 -0.06530378928170431 1.2072574643308238 66 70 69
-0.075327171699083 -0.06479285636382542 1.2045176337315526 67 71 70
-0.06625783450034706 -0.06442854052351862 1.2026403561441639 68 72 71
-0.057384393502028216 -0.06437747935993873 1.2026143983743787 67 71 70
-0.04851625705024469 -0.06443186388521803 1.2032135110328561 67 72 71
-0.039597835296361454 -0.06462597444196838 1.2046426921378268 66 71 70
-0.030580637686172425 -0.06484058365523832 1.2061965005055106 67 71 70
-0.021627765163647124 -0.06461270804631841 1.205124606575653 67 71 71
-0.012868559115586861 -0.06412606750320922 1.2025123351084672 67 71 71
-0.004379520436863613 -0.06346233351849709 1.1988415674341182 67 72 71
0.004207221560881415 -0.06313447019234736 1.1971653789652668 67 71 71
0.013108328768197203 -0.06318034011747367 1.1977150331739401 67 71 70
0.021620537688989444 -0.06288049116593734 1.19620262973271 66 70 69
0.030321564945189228 -0.06276763513059172 1.1958048833426775 67 71 70
0.03876263332810698 -0.06250050478690765 1.1944842643182318 67 71 70
0.04809849627412366 -0.06277290978525041 1.1963907112087766 67 72 71
0.05814617643226527 -0.06334455670950062 1.2000937060362633 68 73 72
0.06797433974531365 -0.06370498465460045 1.2025374387209409 68 72 71
0.11157363039213875 -0.06290325296705063 1.1991436848880224 67 71 71
-0.13151926028699157 -0.062071605294981895 1.2147790338682438 67 71 70
-0.08479130616156008 -0.0608155627510907 1.20830268600023 67 71 70
-0.0753061397693083 -0.06010789392287245 1.2040412617572573 67 71 70
-0.06626817874783533 -0.05979846394956567 1.2023558228064495 67 72 71
-0.057412016749802466 -0.05976526530216756 1.2024618404841538 68 72 71
-0.04853782759614381 -0.05972773818298209 1.2025403385812568 67 72 71
-0.039643137296214395 -0.05983684149936151 1.2035740419690528 67 71 70
-0.03068172554773186 -0.05992426932335208 1.2044690801503497 67 71 70
-0.021761926668862834 -0.05975638804127152 1.203700724481735 67 71 71
-0.01307585428976207 -0.05925678578020846 1.2007646005589114 67 72 71
-0.004685239187192811 -0.05858800297678334 1.1967164854914643 68 72 71
0.003960601285277018 -0.058407469665105786 1.1958558096856984 67 71 70
0.012785460281324365 -0.05841209469515378 1.196206893987872 66 71 70
0.02140548059356434 -0.05824437671798518 1.1954286977418558 66 71 70
0.030089255695185654 -0.0581395252793746 1.1950620367476965 67 71 70
0.03854575466874248 -0.057911750791054144 1.1938869678064192 66 71 70
0.04782631296632951 -0.05813454706174401 1.1956747661185956 67 71 70
0.05735014169066045 -0.05841547226943695 1.1978497906340517 68 72 71
0.06691490479881429 -0.05865365312271439 1.1997480687388877 67 72 71
0.07665995844801322 -0.058913387749680544 1.20179320409301 68 72 71
0.08524226662304868 -0.05870115544614052 1.2007238796414121 67 72 71
0.11340725630357251 -0.05888147568418672 1.2029220556821123 67 71 71
-0.030831857971823147 -0.05485972257210708 1.2012805250576042 67 71 70
0.029073603400764425 -0.05308541554645479 1.1910359234941685 66 70 70
0.03754366171065872 -0.05294158856975131 1.19035969268045 67 71 70
0.047008650516541 -0.05326882184400352 1.193124359141571 67 71 70
0.05601591029893886 -0.053330979177054746 1.1939571153419926 67 72 71
0.0656604643533723 -0.05361370412614178 1.1964083400254355 67 72 71
0.07502158409648149 -0.05374030919520558 1.1977211504384244 67 71 71
0.08385205094108816 -0.05366341593109523 1.1975431882321208 68 73 72
0.01904970414758881 -0.04792169460107247 1.1846688368798892 67 71 70
0.0277977431671545 -0.04802081502731645 1.1859124688112017 66 70 69
0.04587836581198082 -0.04835375380549227 1.1895190265842446 66 70 69
0.054993008491440135 -0.0484814280621492 1.191012184654032 67 71 70
0.0641228000293253 -0.04857988019297514 1.1922696846106942 67 71 71
0.07365232678496805 -0.04877653785141189 1.1943419038789136 66 72 71
-0.1665183979409943 -0.04766667476033476 1.2110495724036894 66 71 70
-0.15719480882790623 -0.047505449223998755 1.2101287653773523 66 70 69
0.010080795515507952 -0.04335230440758879 1.1820007289937988 68 72 71
0.017940242133128448 -0.04304025529699363 1.179602563034663 68 73 72
0.026572716022700657 -0.04313471053862768 1.1809943380885926 67 71 70
0.035366420513535196 -0.043256045397024184 1.1826433771609481 67 71 71
0.04491185920873261 -0.043607843487767486 1.1864600380430455 66 71 70
0.054213548443489176 -0.0438018424993022 1.1888089051198139 66 70 69
0.06355836610402081 -0.043963129056346376 1.1908591555407175 66 71 70
-0.1660066008979397 -0.04286849141739629 1.209736059902157 67 71 70
-0.15666240034610204 -0.04270270053355381 1.208652956601401 66 70 69
-0.14869475977635643 -0.04290949478902552 1.2114490048915907 68 73 72
-0.1402891671644805 -0.04303359395485587 1.2133938294828717 68 72 71
0.009612153947826843 -0.038842692136671256 1.1796592841763591 65 76 75
0.017337294098483585 -0.03853618977040109 1.1769536541019776 68 72 72
0.025755704901851154 -0.03855569380454865 1.177781977384139 68 72 72
0.0345388329012524 -0.038679610053420806 1.1797526503600515 67 72 71
0.0443479814733783 -0.03908002707453342 1.1847528862857744 68 72 72
0.053736338113539825 -0.03927514786018371 1.187528845539962 67 71 70
-0.15572016629255236 -0.037856011390965526 1.2060711867612373 66 70 70
-0.14819644285066075 -0.038106115083652095 1.2099435721804546 68 72 71
-0.13958150956973833 -0.038132905807754795 1.2110754831262645 67 72 71
-0.13112895616286813 -0.03822678834891757 1.2130459326266143 67 71 70
-0.11289067117108277 -0.03807271009987884 1.2127607966814054 67 71 70
0.009396854121034234 -0.034514366759837135 1.178726195737016 65 75 75
0.016920185768742685 -0.034182146802121297 1.1751910228204587 67 71 71
0.024942404029072954 -0.03407621316250603 1.174580167060966 68 73 72
0.033517866316407324 -0.0341364827938425 1.176134326068985 68 72 71
0.04345815143638762 -0.03452150805359405 1.181944913276484 68 73 72
0.05301339297317084 -0.03473151050086842 1.1854937415916846 67 71 71
-0.16366931919978847 -0.033176102706210034 1.203817757653725 67 72 71
-0.1547701021132283 -0.03308676349183838 1.2034689304682433 67 71 70
-0.1475810987038152 -0.03332696148047099 1.2080963097337227 68 72 71
-0.13885788209045088 -0.03330000644219297 1.2087070408006642 68 72 71
-0.1302838592208006 -0.03331787044064055 1.2100044556177134 67 72 71
-0.07375635008498828 -0.03152102750649119 1.188468085427965 94 13 13
0.009382737550146812 -0.03028585008834752 1.1789142988571915 64 75 74
0.016602337043530827 -0.029912418727184364 1.1739015288438066 67 71 70
0.024167555713186517 -0.029704762555378204 1.1715350576543662 68 72 71
0.032430100739445133 -0.029688595523735435 1.1722607085148766 67 72 71
0.042133820953988266 -0.029959437997591806 1.1776678779992509 68 72 71
0.051975708130359996 -0.03019204332066644 1.18249049692 68 72 71
0.1116532013620126 -0.030876914064528034 1.2003301607237766 67 71 70
-0.146961970289071 -0.028604258695408506 1.2062385595516427 68 72 72
-0.07347021596685357 -0.02702369775457126 1.1856409912444772 91 11 11
-0.064860459776698 -0.02680549074566069 1.182548838971023 93 12 12
0.008949182761606535 -0.02594287074079124 1.176758961982439 65 75 74
0.01632509429290953 -0.025692431766368 1.1728047299210713 67 70 70
0.023686510394186205 -0.025484499594239835 1.1697218205468056 67 72 71
0.03147223990417834 -0.025381687171505553 1.1688681403886807 67 71 71
0.04080039631783185 -0.025526540571949818 1.1733543990718778 67 72 71
0.06234080438921388 -0.026075768599459693 1.18812756592847 68 72 71
0.11044598582488432 -0.026181290300971008 1.1980783126596026 67 71 71
-0.07330705710819613 -0.02265092924783605 1.1839173980894335 93 12 12
-0.06472994760901674 -0.02246887864144008 1.180599713179623 92 11 11
-0.05663485214773613 -0.022477739786986212 1.182832529988996 92 11 11
0.008616145023466526 -0.02168455108683303 1.1751616065984674 64 75 74
0.015698667759512078 -0.02145357749183259 1.1700278241564488 66 70 69
0.02325051901245717 -0.021326593305808925 1.1680954792065785 67 71 70
0.07197364216834044 -0.021698211280961045 1.1909836761333499 67 72 71
0.08005626070123051 -0.021582476024744026 1.1895144388951486 68 73 72
0.1102854462907098 -0.02161734989529082 1.1979053208877066 67 72 71
-0.07295720408820502 -0.018298832552540365 1.180531469801512 94 14 14
-0.06452053781178527 -0.01817407082176757 1.1777073833415632 93 13 13
-0.056462671224548705 -0.01813042985383005 1.1790441006806662 92 11 11
-0.04829650122536658 -0.018070620322165273 1.1795664402296213 91 11 11
-0.04006973028536305 -0.01810970952863634 1.1853992426978286 91 11 11
0.00731307224843715 -0.01738265713481492 1.1681306010615478 65 75 74
0.014987560015883021 -0.01729307555579914 1.1668387954282204 66 70 69
0.02353418195324236 -0.017270071098958645 1.1695003323546143 66 70 69
0.1096698582295016 -0.017047635481003236 1.1968268816643188 66 71 70
-0.08138778339884384 -0.014145759801366922 1.1820322633941824 66 76 75
-0.07238467006798954 -0.014040269210137027 1.1751670257625555 93 13 13
-0.06414707012020182 -0.013958683094929104 1.1728531143690073 94 14 14
-0.05626127324539696 -0.013896001746261264 1.1747346210800031 94 13 13
-0.048220054728538866 -0.01382655893675604 1.1751851560846809 94 13 13
-0.040126993523784814 -0.013772772729140601 1.1799168620271177 92 12 12
-0.031846502487959075 -0.013706079395340444 1.1816601669217952 91 11 11
0.0067910311600855935 -0.013303291729353474 1.1654626982573455 66 76 75
0.01440615850953765 -0.01323142796402166 1.1642686715304111 68 72 71
0.023319529261374705 -0.013169648947471836 1.1688049240683605 66 71 69
0.10019040670074203 -0.012590988875421495 1.1957422980105563 67 72 71
0.10868317112625303 -0.012513094229059088 1.1950087558822193 66 70 69
-0.0717018113935526 -0.009953466530980587 1.1688300853063476 91 11 11
-0.06389387474386576 -0.009874875273939957 1.1694539138675328 92 12 12
-0.056161750603876695 -0.009771964026100519 1.1723141343906744 93 12 12
-0.04823694955922189 -0.009674753761954407 1.1745066923096539 94 14 14
-0.04016650626975812 -0.009549397478619163 1.1790961054730225 94 14 14
-0.03194419321320546 -0.009465566515913805 1.179848590737756 93 13 13
-0.023949179415342442 -0.009434908474669011 1.1760337510515806 93 12 12
-0.016472519529963956 -0.009446809042093133 1.1688391718849198 93 11 11
-0.008660632583773364 -0.009386178328634564 1.1678540735136007 91 11 11
-0.0010501891770311744 -0.009338949652285263 1.1658359999223498 92 12 12
0.0067571191903760125 -0.00927079307893238 1.1655274741052684 84 31 31
0.0993218238946631 -0.00810271419919409 1.1940541666613236 68 72 70
0.10748839347815192 -0.008042125862215867 1.1927744496518624 66 71 70
-0.07127059935744659 -0.006001026104141887 1.164743826193356 94 13 13
-0.04825345133085866 -0.005545287169687765 1.1738199891183163 92 11 11
-0.04020656846842972 -0.0053584871174031205 1.178044458228122 92 12 12
-0.03203456393039559 -0.0052755820347918925 1.1782471809681054 94 13 13
-0.023984022363616013 -0.005254852347100058 1.176114473698721 94 14 14
-0.016219822371196808 -0.0052866118204425334 1.1720769753289337 94 13 13
-0.00809961470652238 -0.00518817858494674 1.1728928179315457 94 13 13
-0.000566121665165821 -0.0052084082571388374 1.1693804416641864 92 12 12
0.006955912196593292 -0.005201817232954637 1.1668987123319186 84 32 31
0.06524723565858687 -0.0038566154837235307 1.1971955465786848 68 72 71
0.09054529081501186 -0.0036931419924503637 1.1942570983063119 67 71 70
0.0985218689984001 -0.0036630504997267124 1.1925095690822707 67 71 70
0.10745794354640326 -0.0035690965652297024 1.1928574424007945 67 71 70
-0.031983218022775456 -0.0009541942183204644 1.1810236847699913 91 11 11
-0.02375788309128301 -0.0008969406645435163 1.1804506250501698 92 12 12
-0.015797592927341904 -0.0009522459726679713 1.1771999858889146 93 12 12
-0.007742797774240348 -0.0009126926264852522 1.1762366888551297 93 14 14
-7.125033600718922e-05 -0.0009700504776056808 1.1730051263647465 94 14 14
0.007568529461171272 -0.0009938669081719885 1.170597943754097 85 33 33
0.0902367624063366 0.0007673563135013502 1.193714377577201 67 71 71
0.09829122671559606 0.0007830140502162568 1.1921692671197772 67 72 71
0.10738021622250091 0.0009000823282862974 1.1928462205730745 67 71 71
-0.1666090337369071 0.0024305938874393355 1.1900292866170434 66 71 70
-0.15869832083491792 0.002572556874845651 1.1911311328045642 66 70 70
-0.02359908867357184 0.0035275497462430964 1.1837060493579967 64 74 74
-0.015389571855310352 0.003525525032139744 1.1821823276286094 64 75 74
-0.007045068329698846 0.0036248473274210213 1.1824440662063451 65 75 74
0.0010980250257609792 0.0036365011400995156 1.1811766602991907 65 76 75
0.008840204027152396 0.0035378056884254466 1.1780112120890611 81 39 38
0.09009141401659326 0.00523174543163029 1.19353996837542 67 71 70
0.09844937155393538 0.005266853727600822 1.1926524943154957 67 71 71
0.10803592049803828 0.0054562323773149485 1.194297458589829 66 70 70
-0.1641412544629006 0.0063811246601895785 1.1842393936182458 67 71 70
-0.1563052836243548 0.0065249781368229495 1.185110870690346 67 71 70
-0.015549838733923477 0.007698470970390656 1.1808758801158048 66 70 69
-0.00713373151401249 0.007871513823692469 1.1820732916518084 66 70 69
0.009338443285190907 0.007973821524586425 1.1810838429396493 67 71 70
0.08048574492707962 0.009469107844068791 1.1916637326112705 67 71 71
0.08830291719185818 0.009408026467348722 1.189648268946351 67 72 71
0.09683095854573484 0.009477536987693738 1.1893692798116913 67 71 70
0.10773832901738575 0.009909382313687806 1.1938481508574283 66 70 69
-0.15995554031207276 0.009832615681848556 1.174435565257201 67 72 71
-0.153246967079399 0.010161741484641683 1.1774262285390087 67 71 70
-0.015855575444801373 0.011689727695892414 1.1779482650557263 67 71 70
-0.007340301355941173 0.012018827347102964 1.1807114003101309 66 70 69
0.0010576284315387124 0.012179447051016683 1.1815264690255836 66 70 69
0.008931365393064578 0.012052753278004116 1.179060205289613 66 71 70
0.017351849694750558 0.012214542889807799 1.179886067048772 66 70 69
0.0789472109432546 0.013583793856481785 1.188091446453685 66 70 69
0.08531520013868377 0.013218793533290505 1.1830382378438091 67 71 70
0.09459576722113416 0.013467994323109557 1.1847742870130875 67 70 69
0.10706160385954763 0.014277858822984567 1.1926415770544359 66 70 69
-0.15617869780781604 0.01308445391368607 1.1655886951332919 67 71 70
-0.02419813143764088 0.015587083938177745 1.1758627834346522 68 72 71
-0.016041229366352227 0.015726612844293872 1.176347450362349 68 72 70
0.0006490975861471737 0.0161874420398462 1.1790794869078063 67 71 70
0.008496100672871224 0.01605246268971236 1.1768735927587515 67 71 70
0.016649473765934397 0.01612816976744421 1.1767251545664787 67 71 70
0.07726039850988604 0.017550698984306536 1.1841554002080672 67 71 70
0.08294464422201768 0.01697552303518634 1.177818828729942 67 71 70
0.0917334463874675 0.017176489033776318 1.1788435752247142 67 71 70
0.1016361612831522 0.017599617022559827 1.1819505536969548 66 70 70
-0.15042969588887725 0.015563012865701678 1.1521349253707043 66 71 70
-0.14456868569544412 0.016036539398339177 1.1556494772956052 67 72 71
-0.04827105544360323 0.01842321958176863 1.1667579465143256 67 72 71
-0.040455743107669584 0.018426560179163505 1.1660134981504422 68 72 71
-0.03256094242068461 0.018843776391835362 1.1688398982074504 67 72 71
-0.024565611563473172 0.019122072974348064 1.1704551356623272 68 72 71
-0.016620818319858146 0.019200683182690893 1.1703487188735415 68 72 71
0.007593849126770219 0.019674068481032876 1.172045934516356 67 71 71
0.015565512474803082 0.019726359442500577 1.1717092807327936 67 72 71
0.024314591753564374 0.02017387344603741 1.1747131289396588 66 71 70
0.03277362967718042 0.02041014432466008 1.1759190927585865 66 71 71
0.040207956328204286 0.020199993039537824 1.1733663144161408 67 72 71
0.04753714242566778 0.02000092887156469 1.1709198083151628 67 71 70
0.056141265771193785 0.020277967807181684 1.1724639304034183 67 72 71
0.06714143464443371 0.021276501643144048 1.18000960796918 67 72 71
0.07414106081326514 0.020978108350280127 1.1767368297061598 67 72 71
0.08067993006404617 0.02060154632274147 1.1728337317597073 67 72 71
0.08922971038187988 0.020795904803946247 1.173668306959274 67 72 71
0.09754112635644538 0.020918646035861584 1.173907206088515 67 71 71
-0.13974086664360083 0.0183352940802234 1.1435412095983404 67 71 70
-0.040499877929828315 0.021938311079274603 1.1621950520994386 68 72 71
-0.03278947354060599 0.022101010672788836 1.1627463257643436 68 72 71
-0.02511368414401975 0.022098558921807614 1.1620356408613868 67 71 71
-0.01737451217308591 0.02223528363775852 1.1623853507549007 68 72 71
-0.009306109477552123 0.02270506533121823 1.165256639203367 68 72 70
-0.0013412041992729093 0.022925760687326713 1.1662292262651093 67 71 70
0.0064110733331195074 0.022937912976366548 1.1656235153076207 67 71 70
0.013922914671254574 0.02281108221295443 1.1639748509418155 68 71 71
0.022082699310565362 0.023099188540856942 1.16544624736563 67 71 70
0.029979364532446914 0.02320703227319025 1.1655605288970676 67 71 70
0.03766148736226682 0.0232096790852726 1.1648883286865535 68 72 70
0.04515915507017855 0.023147581649581993 1.1637368068823675 67 71 70
0.05294025430540772 0.02321507128538801 1.163552388515609 67 71 70
0.06201762456707585 0.023740916565474474 1.1667621811986826 68 72 70
0.06989772683558322 0.0238098126905186 1.1665796124619525 68 72 71
0.07740217461996346 0.023763315178091313 1.1655469767485438 68 71 70
0.08537331533935955 0.023865861584630603 1.165613966834577 67 71 70
0.09186371450381856 0.023560903839805858 1.1626929026904467 67 71 70
-0.13487231063689734 0.020260901380149868 1.1313333511354795 66 71 70
-0.04793738709509674 0.024279005764193423 1.151733551538066 67 72 71
-0.040556639499370675 0.02448661605523781 1.152547421918788 68 72 71
-0.03321264377134834 0.024260858679684937 1.1503845804182453 68 73 72
-0.02587025935903156 0.02431122516572639 1.1501204567828518 68 72 71
-0.018602208585831666 0.024249612303645987 1.1490925608953393 68 73 72
-0.011018027612257467 0.02464188551174753 1.1511592310543604 68 73 72
-0.003288331356604654 0.025051535256178238 1.1533332815849435 67 71 71
0.004584951681168986 0.025469019612503405 1.1555492640600111 67 72 71
0.011639155845418081 0.025200177419033812 1.1531142710478874 68 73 72
0.019459710008970725 0.025496589609026475 1.1545021643041153 67 72 71
0.027134961557523957 0.025661439324689235 1.1549975350984036 67 72 71
0.034410772982990986 0.025604614655184703 1.1540019168542273 68 73 72
0.04201390094256252 0.025721044796436554 1.1541703585847802 68 72 71
0.050226857673367514 0.026088398295759117 1.1560134092360235 68 72 71
0.05870746304710393 0.026515945888321908 1.1582480929954855 68 73 72
0.06580418408493359 0.026387577304982375 1.156775439465842 69 73 72
0.07367850329069753 0.026550532715310222 1.157241235109272 66 70 69
0.0823526082948011 0.02695888579449831 1.1593278531477265 67 71 70
0.08890126373681095 0.02668458249309722 1.1568973410394965 66 70 69
-0.1331774134438729 0.018462337995395824 1.0983988200080401 68 72 72
-0.13167075338173276 0.02006100246913041 1.1082538161295143 67 71 70
-0.12776281617397228 0.02095384243171123 1.1135202787271734 66 70 70
-0.12389929446466674 0.021998087239638524 1.119734568626649 66 70 69
-0.054316243865972766 0.025051853061375945 1.1333939855136623 67 71 70
-0.04754405768053809 0.02552989897973336 1.1358513651598419 67 71 70
-0.04063277039562361 0.02515829886866778 1.1329983053696568 66 71 70
-0.033770760587135566 0.025337925287610127 1.1335873373646137 68 72 71
-0.02652929004852233 0.026418927656893416 1.1397693172424213 68 72 71
-0.019324544679829837 0.02677273517195118 1.1414182627846945 67 71 71
-0.012171255669927737 0.02691415295564257 1.1417464119960685 68 72 72
-0.0051890734613445205 0.026836842644143204 1.1407234949517941 68 72 72
0.0020584230728109276 0.027049648385665266 1.141489631242799 67 72 71
0.008952172550185766 0.026940625271945753 1.1402757537288508 68 72 72
0.016672309244959632 0.02744781523663667 1.142841510941857 69 73 72
0.024127867784151963 0.027694654739290663 1.1438038207012369 68 72 71
0.03088377140722616 0.02751497751672962 1.1421599128043065 68 72 71
0.038518420638697315 0.027825789497120314 1.1435073823057114 68 73 72
0.04561670196750181 0.02784568702885505 1.143081808624775 68 72 71
0.05382218007332501 0.028350977389133385 1.14559813265022 67 72 71
0.06080333617453726 0.02830232938709412 1.1447540762376684 67 71 71
0.06931306125901154 0.02884347528941831 1.1474704886127585 68 73 72
0.07880078967364408 0.02967234749784327 1.1519058582774675 67 72 71
0.08638293494560953 0.029779125400957562 1.1519847309701765 66 70 69
-0.17834277765421008 -0.07078993816591608 1.194157891364656 66 70 69
-0.14600798590327754 -0.07115169446324013 1.1966177677245846 66 71 70
-0.13750852267545907 -0.07105812179279387 1.1962431040144677 67 71 70
-0.1294479596913626 -0.07123221882012414 1.197310567117493 68 73 72
-0.0876862383767705 -0.07150584552182122 1.1994396324756256 67 71 70
-0.07880889859861429 -0.0708939197844313 1.1962649089341042 67 71 70
-0.07001892822316458 -0.0701059887260756 1.1921360870179636 66 70 69
-0.061529193187486064 -0.0695157353402806 1.1890726659082769 67 71 71
-0.05327211477504375 -0.06924186391506293 1.187718257949137 67 71 70
-0.045101901115660245 -0.06929381979360713 1.1881262539732875 68 73 72
-0.036890369855911154 -0.0694682299040722 1.1891977539348693 67 72 71
-0.028552072399032888 -0.06987187472675566 1.1915121020658062 67 71 70
-0.02016740105643672 -0.07006126546596236 1.1926673804579 66 71 70
-0.011948345311621329 -0.06984158129141005 1.1916057062579812 66 70 69
-0.003921077298097972 -0.06943731398348502 1.1895418807848803 67 71 70
0.0037520404060026463 -0.06876291310950976 1.1860102879786416 67 72 71
0.011113969685832135 -0.06798073634470003 1.1818904605507559 68 72 72
0.01835433175679485 -0.06729112435434154 1.1782698140240138 68 72 71
0.025792025657898537 -0.06689744242651999 1.1762541422451451 67 72 71
0.03338205642960217 -0.06667839717190507 1.1751861680402185 68 72 71
0.042507943814495644 -0.06741318543002864 1.1793052632879844 66 70 69
0.050683913284642154 -0.06749574683212589 1.1798790208511525 67 71 70
0.05680770665990463 -0.06652550473019428 1.1747219596179275 66 70 70
0.06115463079369855 -0.06486313663027858 1.165790751553704 66 70 69
0.06836270131624941 -0.06466786116047195 1.164845521065696 67 71 70
0.07316539843506396 -0.0635146181319951 1.1586773534026562 68 72 72
0.07531691034192967 -0.061483244046862624 1.1477146019296205 68 73 72
-0.16329083805845768 -0.06711231636699329 1.1979168295452134 68 72 71
-0.1549319999159301 -0.06710875362376684 1.1980433236174317 68 72 71
-0.14699567883018247 -0.06731774048219905 1.1994120452353345 66 70 69
-0.13799073313537918 -0.06700087826111309 1.1977078991743033 67 71 70
-0.12955475342007722 -0.06696270741703728 1.1976322764410794 68 72 71
-0.09670826963911949 -0.06766659754461568 1.2023501591400176 67 72 71
-0.08778526520816182 -0.0672385318520372 1.1999907495680187 68 72 72
-0.07904655062071485 -0.06688681323777691 1.1980769701388974 68 72 71
-0.07030179121326754 -0.06633374145980327 1.1949794462200611 67 71 70
-0.06175493973668909 -0.0658485146822188 1.1922773244713316 66 70 69
-0.05338151980026598 -0.06547410540810113 1.1902236924354268 67 71 70
-0.045135900839742386 -0.06542047399464009 1.1900538118899744 67 71 70
-0.03686783053792183 -0.06559620953447531 1.1912328848829907 68 73 72
-0.028542948786148208 -0.06572036211992632 1.1921096792228427 68 72 71
-0.020183633875617002 -0.06580062547932963 1.1927290352718352 68 72 71
-0.012011925618667051 -0.06551796797781315 1.1912112976077847 66 70 69
-0.0039195374166659525 -0.06523955645515589 1.189717124952407 66 70 69
0.003850947832293207 -0.06471195766275403 1.1867521836693926 67 70 69
0.011220379756096771 -0.06397725398871482 1.182562500024379 66 71 70
0.018268918531643925 -0.06317807236636946 1.1779880596047332 68 72 72
0.02571743033857052 -0.06282608509401129 1.1760499427832034 68 72 71
0.03366638721927241 -0.06284384315625383 1.1762945621461727 68 73 72
0.04272551934427092 -0.06346320299886342 1.1800958671260464 68 72 72
0.051463927114587096 -0.0638083412411885 1.182279235519398 68 72 71
0.05836032989437187 -0.06323893729403776 1.179053083930334 68 72 71
0.06292928078378449 -0.06174824932155183 1.1703692111219919 67 71 70
0.07006985436172149 -0.061485980839288454 1.1689531620753606 67 71 71
0.07552341519434515 -0.06062147776836301 1.1639665320221995 68 73 72
0.08340092904469712 -0.06070977620011322 1.1646246316217677 68 72 71
0.033290596612328235 -0.05861077130127439 1.1750310944597848 67 72 71
0.08580235424005708 -0.05761606083265753 1.169690361343614 67 71 70
0.03299920424639752 -0.05445777603980374 1.174070244640208 67 71 70
-0.17037924870033597 -0.04948196445262429 1.1948078435897476 67 71 70
-0.16864394293578364 -0.04480780263487702 1.1907940375429722 67 71 70
-0.16053701202042128 -0.044799562893901204 1.1910161853888033 67 72 71
0.09277778563780847 -0.039079724685593634 1.1845464107521366 66 70 69
0.0891219903382933 -0.034419573420241885 1.1769735559168217 66 71 70
0.012005553996396787 -0.02197868312962049 1.1505835924845995 66 71 70
0.011688289838947132 -0.018315334827278006 1.1492362699195047 68 72 72
0.08672772949703231 0.005700315773291855 1.1725635386051825 66 70 69
0.08467708492710266 0.009274072168038616 1.1683299287923865 66 70 69
0.07389645702516456 0.012391743363427344 1.1614745703132556 67 71 70
0.08219934311747151 0.012623928866983197 1.1632002094430696 67 71 70
0.05346498629427873 0.014381282124423633 1.1475194167085263 67 72 71
0.07053858705594972 0.015278182509910213 1.1540507674980542 67 71 71
0.07787650012630869 0.015338634776118167 1.154204135017971 67 71 71
0.030561941796952596 0.01709449238229683 1.1419657872891726 67 71 71
0.03715448928593737 0.017007129462836265 1.1410489664667565 67 71 70
0.049672150452544694 0.01664615767151889 1.137884979761124 68 72 71
0.058111304770151626 0.017232851604568375 1.1418070347584752 67 72 71
0.06541349346456862 0.017395586590427427 1.142684562383209 67 71 70
0.07322412843137416 0.017691748010897915 1.1445138634489276 67 71 70
0.02868032007456839 0.01968135240728304 1.1358684839679458 68 73 72
0.03480318597024083 0.01944487478009921 1.1340694593442098 68 72 71
0.055438965999406314 0.019784320905139534 1.1354984110504545 66 70 69
0.06172754501594206 0.019673557561158267 1.1345216814535535 66 70 69
0.0693846179700941 0.02002256817936951 1.1365224391737068 66 70 69
0.020270564173510502 0.02205859333482755 1.1298262550170088 67 71 70
0.02642815587656329 0.0218842183948514 1.1285524657978299 68 72 71
0.03276345112734827 0.021834190425841338 1.1280199810363438 67 71 70
0.04451177634524686 0.02137093970952071 1.1248045390199357 66 70 69
0.05160247649478347 0.021681525662049 1.1264131065111116 68 72 71
0.05705269758625632 0.02133832631905669 1.1241498983266967 67 71 70
0.0629036056717445 0.02118134599386546 1.122991930032604 66 70 69
-0.17379110890166857 -0.06873129043953956 1.2082739612061302 66 71 70
-0.07477228842767775 -0.0706839427151908 1.2175288980438357 67 71 70
-0.023242766533606893 -0.06933715327984794 1.2090655319780297 66 70 70
-0.014787810980604603 -0.06935901478052447 1.2090416242351982 66 70 70
-0.005928525815204838 -0.07002030663951347 1.2126042573945834 67 71 70
0.04300374915226275 -0.06850512008297288 1.2032395949246564 68 72 72
0.09513794132630632 -0.06623689755616549 1.1895873347616552 66 70 69
-0.07511140819597682 -0.06674837212766557 1.2205663741814874 66 70 70
-0.06624397829564202 -0.06650768067110135 1.2189410020681721 66 70 69
-0.03158000961622575 -0.06566606086330139 1.2131938492929317 67 72 71
-0.023045638716276913 -0.06560158941356578 1.2126511152573713 67 71 70
-0.014499690225430451 -0.06560432676917874 1.212518874075492 67 71 70
0.011117256657581169 -0.06558904129392312 1.2119789277557038 67 71 70
0.03539290503941797 -0.06470944032886486 1.206180766151058 67 72 71
0.04338872594625326 -0.06447788794908266 1.2046264338648742 68 72 71
0.07522382048583645 -0.06382275191205164 1.2000681439458705 68 72 72
0.10328594827024337 -0.06498235579488273 1.206665002774698 67 71 70
0.10372878762235951 -0.060805592264755196 1.2076036038019193 67 71 71
0.1005246210264154 -0.04709545784254046 1.2009239796632198 66 71 70
0.09893263881412342 -0.042552260455061615 1.1975994603786684 67 72 71
0.09788636400789574 -0.038195004647037886 1.19541802070059 68 72 72
0.09600183132301518 -0.03378811908069969 1.191480103624268 68 72 71
0.0931699103218081 -0.02939604379267937 1.1855568581333809 67 71 71
0.09218293890728091 -0.025311763438442027 1.1834989974971721 67 71 70
0.09166850831277654 -0.021307882275211666 1.1824311610907938 68 72 71
0.08260124309448408 -0.017321626231803673 1.1796372424173653 67 72 71
0.08952797879463181 -0.017312430252444912 1.177955746778745 68 73 72
0.08873638440134879 -0.013424222271615823 1.1763068084245953 68 73 72
0.08844271604626189 -0.009560703780274408 1.1757012316164166 68 72 71
0.031941602234671906 -0.006150788024579702 1.1637898545602139 67 72 71
0.08898980830735842 -0.005650593327721991 1.1768576212938358 67 71 70
0.09031672304116226 -0.0016243388870876493 1.1796484558280267 67 71 70
0.09154134933898106 0.0024678909055140565 1.1822251084238977 68 73 72
0.058174433492385366 0.005910902304012054 1.176170603018679 66 70 69
0.06634342834594109 0.0060335932430202605 1.177601578235196 66 70 69
0.09141264279977734 0.006407928101844675 1.181965410249623 68 73 72
0.057540502746958974 0.009614355636420352 1.1744380947703237 68 72 71
0.06558771473291268 0.009741958578081727 1.17568421026118 68 72 71
0.09172076138878327 0.010426273958297327 1.1826212958951008 68 72 71
0.06469078686674487 0.013355913996048383 1.1734066284503504 68 72 71
0.08795608791737253 0.017390722218665597 1.174749966022648 67 71 70
0.08513867714087646 0.0204336936821181 1.1688536992312024 68 72 71
0.0792932516692298 0.022344592681100173 1.156609227794899 68 72 71
0.0787300415727077 0.025740627309855255 1.1554376274209321 67 71 71
-0.1716778116021241 -0.07014185746213702 1.2077637091121671 66 71 70
-0.13633195142668803 -0.07322828619674732 1.2242886651625016 67 71 70
-0.08481222560746793 -0.07361234834674407 1.2261356275302238 67 71 70
-0.07564673831894736 -0.07288034036738877 1.2221384477545572 68 71 70
-0.06667609945277493 -0.0720929967980144 1.2178430477619375 69 73 72
-0.05804317100802438 -0.07165304508133594 1.2154267818501725 67 71 70
-0.04957546696867242 -0.07148520910245149 1.2144820205088673 67 72 71
-0.04114515666195539 -0.07160565999083099 1.2150955999241742 66 70 70
-0.032648498348772495 -0.07183856225135075 1.2163166780658485 66 70 69
-0.02412726823531869 -0.07190223274591477 1.2166229586760087 66 71 70
-0.015804037445314886 -0.07150650555772817 1.214447099712602 66 71 70
-0.007572724587205391 -0.07114736524228571 1.2124693991193654 68 72 71
0.00028321323253228253 -0.0704524996495238 1.2086787894695625 68 72 71
0.015644441811792455 -0.06931246485997206 1.202448723158599 68 73 72
0.022694024876092914 -0.06845014792642934 1.1977566304042455 67 72 71
0.03011935841725931 -0.068032845556075 1.1954681476087383 68 72 71
0.03818001986525418 -0.06809133853068458 1.1957484900494166 68 72 71
0.04677748045106139 -0.06844083719044419 1.1975993175001984 66 70 70
0.05435331300177425 -0.06819385930186177 1.1962307605664682 67 71 70
0.0618524438347456 -0.06794370960671675 1.1948454009344291 67 71 70
0.08509311157053023 -0.06765319864649036 1.1931719603275184 68 73 72
0.09051067920395317 -0.06671219856883774 1.1880618396156981 68 72 72
-0.16771394252684615 -0.06759680923707842 1.2174099315858018 67 71 70
-0.1594562623158504 -0.06764640001090043 1.217677187726864 67 72 71
-0.15183094231084487 -0.0679990809881843 1.2197275791363762 68 72 72
-0.14532221781461296 -0.06897275771789416 1.2254308779621572 66 70 69
-0.1373089310795701 -0.06930989929867369 1.2273888066162741 66 70 70
-0.1290809927832856 -0.06959192067514847 1.229022161053922 66 70 69
-0.0847094656730501 -0.06898326399977961 1.2253150481684574 66 70 70
-0.07555925447271118 -0.06829458169921088 1.2212408061786786 67 71 70
-0.0667664948965829 -0.06788130572012918 1.2187861939223505 67 72 71
-0.058158791371030624 -0.0676399958873597 1.2173427810783488 68 73 72
-0.04963994984578691 -0.06751013725768262 1.216554635208973 68 72 71
-0.041144186757847125 -0.06785797097880364 1.2185739888301343 68 72 72
-0.03258982853274054 -0.06785149939857357 1.2185108933624913 66 71 70
-0.023981985094441112 -0.06797191616325554 1.2191933730167488 67 71 70
-0.015544707774793096 -0.0676799442307654 1.217452714708172 66 70 69
-0.007414784875628272 -0.06708085134863355 1.2139079852125314 66 70 69
0.0005696548424087081 -0.06653872545009609 1.2106984809452201 67 71 70
0.00850759774813839 -0.06612037105183033 1.2082165267977816 67 71 70
0.015760198073042367 -0.065250264184175 1.2030815991322432 67 71 71
0.0227709092254271 -0.06441427013225863 1.1981478635658123 68 73 72
0.03073402548072625 -0.06436543016141125 1.1978374982065951 68 72 71
0.0390659869174772 -0.06453376168394045 1.1988023845422455 68 72 72
0.04724021073190701 -0.06458439044224182 1.1990759854923485 68 73 72
0.054964219449808616 -0.06440586530908157 1.1980041517306792 68 72 71
0.06223500168672062 -0.06404947507144346 1.1958883199239887 68 73 72
0.06976033503547484 -0.06384516876078744 1.194665550406059 68 72 72
0.07872433138356937 -0.064218543529386 1.1968336388039846 66 70 69
0.08665403999127425 -0.06416877639912533 1.1965179223367475 67 71 70
0.09551466666706152 -0.06443809903811781 1.1980747918177708 69 73 72
-0.16730496226087163 -0.06311222984477455 1.2164309739077128 67 71 71
-0.049598192708657604 -0.06280653517244916 1.2143297285774353 67 71 70
0.022162637501738885 -0.05991782665643684 1.195646923935387 67 72 71
0.029950920440763112 -0.05981188077631362 1.1949559019075757 67 71 70
0.03829280172970609 -0.060012991658783835 1.196241553341513 67 71 70
0.046643815195264685 -0.06017757996206892 1.1972920066587953 67 71 71
0.05431761478623186 -0.06001357087117025 1.1962272146026036 67 72 71
0.06173536267403834 -0.05976705879395396 1.1946314317580564 67 71 71
0.06930512446179586 -0.05960923160655519 1.1936065654896368 67 72 71
0.07818450566390073 -0.059928913586959516 1.1956551516358602 68 72 71
0.08652395978656341 -0.06002772417355404 1.196282041171425 67 70 70
0.09580254473363897 -0.060402840465002536 1.198687147464799 67 71 71
0.02156068815303358 -0.055500044647133345 1.1931714581922743 67 71 70
0.02943201223622477 -0.05548405911540706 1.1930659368678003 67 71 70
0.03782474697409505 -0.05571407095710691 1.1947127003404523 66 71 70
0.046572812354050835 -0.05605159300020939 1.1971254134361213 67 71 70
0.05418729801657381 -0.0558794724457304 1.195907791700964 66 71 71
0.06183571712373159 -0.055742254288729406 1.1949387439187904 66 70 70
0.0693803361461622 -0.055585689345148584 1.1938318190979529 67 71 70
0.08685694712680792 -0.056031849084417204 1.197027351360713 67 72 71
0.09608528165557112 -0.05634814455149107 1.1992894182159093 67 71 71
0.062036409070797105 -0.05174143759091205 1.195507853265883 67 70 69
0.0972602586040312 -0.05249878966753627 1.2016713755053554 67 71 71
0.06201811436348938 -0.04766088775856872 1.195505897573628 68 71 70
0.09624967426784165 -0.04809740298105518 1.199694408182321 68 73 72
0.06868947264522861 -0.043264951767722604 1.1922873436601296 69 73 72
0.09374547224729604 -0.04347176343218817 1.1947371185607583 68 73 72
0.09313557755088275 -0.03929871054484203 1.1935581118598946 68 72 71
0.08243833652771393 -0.03488006593630766 1.1878563831655584 67 71 70
0.09360532489563786 -0.03530202579188145 1.1945332595017515 67 71 70
0.09078005876304523 -0.030945982943381512 1.188932371956961 67 71 70
0.0899863377329555 -0.026901320800575113 1.187385112620765 68 72 71
0.08125408299816153 -0.022917009912160623 1.185459437073195 67 70 70
0.090344419775541 -0.022949974391572498 1.188136868893515 68 72 72
0.08090441515717779 -0.018978493733964194 1.1847556422776788 67 72 71
0.08958412783433456 -0.018964776573731836 1.1866558066432864 67 72 71
0.08135186085131964 -0.015045052855754294 1.1857432203050957 68 73 72
0.08921471052415522 -0.015016758738218774 1.185954884547065 66 70 70
0.08187283281876694 -0.011078485598409881 1.1868871373081324 67 71 70
0.08928020667834477 -0.011068601449318604 1.1861223850266482 66 71 70
0.06417750852052677 -0.007389597474011722 1.1817258283105743 67 72 71
0.07331944476269522 -0.007222374131796185 1.1851767048451185 67 71 70
0.08130239604489539 -0.007169903382940176 1.1857145953304609 67 71 70
0.0900818307161251 -0.007057241243333932 1.1877603499108782 67 71 70
0.07383445467487139 -0.0032299504610792673 1.1863829811746778 67 71 70
0.08173745583623516 -0.0031801306320645567 1.1866764373350005 67 72 71
0.09014535344569433 -0.0030778850338082815 1.187924200085087 67 72 71
0.08205902296616756 0.0008213551547854234 1.187397568982022 67 72 71
0.09050070976784838 0.0009467386607452527 1.188671195242316 67 71 70
0.06430414390397839 0.0042630554463371495 1.1821570232142524 68 72 71
0.0831655390078965 0.00498526459928382 1.189785884543601 66 70 69
0.09177036558758084 0.005148399374858528 1.1912454808922046 66 70 69
0.06434439555876283 0.008154712635871041 1.1822960798751714 68 72 72
0.08272592825610217 0.008893207851473451 1.1888909405085537 67 71 70
0.0920757755977788 0.009234635035295924 1.1918933178754956 66 70 69
0.0646299801758602 0.012118291984061266 1.1830309389898168 67 71 70
0.09094363717087312 0.013010029441423557 1.189667813192262 66 71 70
0.08105832012306413 0.016410267652480222 1.1854252517217103 67 71 70
0.08929695138639579 0.01658468235854379 1.1864130098251044 67 71 70
0.06149423423198851 0.01881151797988092 1.1754966750129203 67 71 70
0.0703515344999965 0.019324910530221055 1.178727536928722 67 72 71
0.07832346665235511 0.01950600686379724 1.1796520820416283 67 71 70
0.08654997841525469 0.01974263445674765 1.180957312709094 67 71 70
0.058522419576191906 0.02144507161911488 1.1683167962348566 68 73 72
0.06745288024655076 0.02211092660600559 1.1721942486276047 66 70 69
0.07466726498478463 0.022115559345405413 1.1719191598890721 67 71 70
0.08286330651692919 0.022436062901513232 1.1736209345618813 66 70 69
0.03361441875784593 0.023200158662232497 1.15815358514304 68 73 72
0.04001616669890658 0.023005261184451356 1.1567570361171258 68 72 71
0.04830793008440534 0.023703770488379655 1.1604984137754535 67 71 70
0.05554629917962817 0.023861161740519818 1.1611241591602486 67 72 71
0.06374086370270134 0.024378925616796644 1.163814542746572 68 72 71
0.07039482316038563 0.024263931339497315 1.1628741466684045 67 73 72
0.07815797727582242 0.02455265234667133 1.164245169158188 66 70 69
-0.173076445105112 -0.06873419794203764 1.2199996991968787 68 72 72
0.03601696089304074 -0.06373213076781259 1.1923848543870332 68 72 71
0.042751654854976284 -0.06319514165334644 1.1893964993333177 66 71 70
0.08129343656614582 -0.06331699649435238 1.19013533642099 68 72 71
0.08676338446100196 -0.06251486745254131 1.1856645178096905 68 72 71
0.02126533380846657 -0.06025796199244708 1.1950584087468539 68 73 72
0.03635920249378076 -0.06001042959214501 1.1936075639146209 68 72 72
0.04332596358485613 -0.059615282428917796 1.1912293368785618 68 73 72
0.051252686152498964 -0.059729417114174316 1.1919523461491104 68 72 71
0.06730322996851514 -0.0599742409057948 1.1934997739027406 68 73 72
0.07618229010783541 -0.06038555269054145 1.1960338460609283 67 71 71
0.08328942679432438 -0.06011908230305734 1.1944388163835193 68 73 72
0.09306060340456399 -0.060760558411953366 1.1983761217340299 67 71 71
0.09440999735120836 -0.05714182507437707 1.2011254113640817 67 70 70
0.09471865516554734 -0.05315967833782233 1.2017789812439315 67 72 71
0.09787997817860114 -0.04150130760045459 1.208244848300713 67 71 70
0.09628296574859876 -0.03708615684871802 1.2050591691896273 66 70 69
0.08434062545699905 -0.03249002758632535 1.1969223922794185 66 71 70
0.09480058844341138 -0.03277934788851085 1.2021037946972855 67 71 70
0.08300739103646054 -0.028356119178327435 1.1941003271428612 67 71 70
0.09058169225148244 -0.02830986821965224 1.193631710753208 67 71 70
0.08089820403314886 -0.024254905806375543 1.189615390093262 67 71 70
0.08766031514431441 -0.02417160143088801 1.187773382126985 67 72 71
0.08066464120733517 -0.020350130171757894 1.1891476237003389 66 70 69
0.08842868209075802 -0.020323835216172943 1.18935286834745 66 71 70
0.08858697737549492 -0.016428054452740377 1.1897025672156496 66 70 69
0.08961069757632897 -0.01249736615850324 1.191797603333339 66 70 69
0.08260292636900865 -0.008556217634491846 1.1933993993082783 67 72 71
0.09075296140523731 -0.008497479351325408 1.1941322156137222 66 70 70
0.09358395839623704 -0.004279337128355504 1.1998737397704806 67 72 71
0.09519979932855172 -3.4055063536306274e-05 1.203165206183484 67 71 70
0.09757243384388001 0.004421148865828048 1.207984333541071 66 70 69
0.09851646900488081 0.008765301426363607 1.2099219286992466 66 70 69
0.0990060865584865 0.013072603094629685 1.2109429365391755 67 71 70
0.09804388514770185 0.02125824072365378 1.209066833038073 67 72 71
0.08597543047633976 0.025689716391561514 1.1847664105353088 66 70 70
0.07781948561712759 0.026603985675949654 1.1683277244006791 67 71 71
-0.16708266337432284 -0.06723126573084212 1.2187791413486768 68 73 72
-0.13177149989112283 -0.07019042402606637 1.2345477333635555 67 72 71
-0.08081783634237763 -0.07092923830201814 1.2380725087336228 68 73 72
-0.07180277261284043 -0.0704620381180951 1.2354402038071457 67 73 72
-0.06287772285449121 -0.0698794822438033 1.232180613935848 68 72 71
-0.05412640584999237 -0.06927682139078818 1.228813242494179 66 70 69
-0.045602609872465186 -0.06897272079872314 1.2270738961911394 66 70 70
-0.03716643300398233 -0.06882913699324064 1.226209495573835 66 70 69
-0.02882825078604958 -0.06836576526554483 1.2236046594100323 67 71 70
-0.020614068953361264 -0.06795584997364876 1.221292131354988 67 72 71
-0.012649372439385128 -0.06729847696337529 1.217634521216017 67 71 70
-0.0047400189369183054 -0.06686675122717456 1.2152062068712057 68 73 72
0.0030604423147106846 -0.0664638432027448 1.212935883530537 68 72 72
0.011126354183045 -0.06645663854342707 1.2128177526615933 68 72 72
0.01925311922286302 -0.06649961927538928 1.212972309363521 68 73 72
0.02728336143642371 -0.06645356109750357 1.212642951908609 67 71 70
0.03459942978578372 -0.06592616472510562 1.2096994697385632 67 72 71
0.04148969511836201 -0.06523771796885476 1.2058831583266898 68 72 71
0.04860787312820687 -0.06479768599698696 1.2034173516852729 66 70 70
0.05545870968671225 -0.0642903167346483 1.2005874771993101 67 71 70
0.0625353185927915 -0.06396489421414456 1.1987461789871041 67 71 70
0.06955640566295568 -0.06365882420391261 1.1970108072986387 66 70 69
0.07802917454523739 -0.06398795830485512 1.1987202178019172 67 71 70
0.08288888265214017 -0.06288105589851697 1.1926450828382267 67 71 70
0.08567105924175247 -0.06114815803868383 1.1831814329702206 67 71 71
-0.16244012198384253 -0.06439523355869885 1.2266163760805433 68 72 71
-0.15505302950827216 -0.06477777035887922 1.2288212777048386 67 71 71
-0.14746505477363153 -0.06513220460056623 1.2308577338913862 66 70 69
-0.14027564933753608 -0.06574308728915094 1.234418856692832 67 71 70
-0.13222143688503504 -0.06601024666259289 1.2359335618405562 67 71 70
-0.12428273190605692 -0.06640273398223409 1.2381926917176638 68 72 72
-0.08109698226339655 -0.06676381732116804 1.2399590680080825 67 71 70
-0.07187372925475943 -0.0661057104928017 1.2359751137115103 67 71 71
-0.06303056635558187 -0.06576548523060528 1.2338800743731662 68 73 72
-0.054211746537389346 -0.0651565780521333 1.2301914791215693 68 72 71
-0.04566855181158648 -0.06501638392053347 1.2292855927903494 68 72 71
-0.037172127675880635 -0.0646809392647319 1.2272219259338992 67 71 71
-0.028819133614522718 -0.06417764632722658 1.2241638636428305 66 70 69
-0.020503579285459907 -0.06402764224753167 1.2232017659775536 66 70 70
-0.012389025895546423 -0.06359368962210608 1.220557089827905 66 70 69
-0.00459486189699547 -0.06291654560778717 1.2164726366018648 66 70 70
0.003196639857696991 -0.062493367075742524 1.2138946791458336 67 71 70
0.011010748356261063 -0.06222357526413595 1.2122263845786894 67 71 70
0.019133145339244553 -0.062271991515320035 1.212442956262436 68 72 71
0.027209163291764593 -0.06227140123247777 1.212369234217574 68 73 72
0.03445301711524654 -0.06174562197231979 1.209187431465734 68 72 71
0.04195204363326342 -0.061464441383553975 1.207454320565757 68 72 72
0.04907700197432999 -0.06103863586438665 1.2048665759100383 68 73 72
0.05649693938252717 -0.060819342640079765 1.2035012561971732 68 72 71
0.06332799724379419 -0.060374722676713996 1.200804463459611 68 73 72
0.07075673882590627 -0.060232384728980244 1.1998955505572102 68 73 72
0.07973230304011393 -0.06069022678249752 1.2025333362461765 69 72 71
0.08667888650966607 -0.06037108699182202 1.2005798623931803 68 73 72
0.09401870917694552 -0.06021832252781045 1.1996098746202475 66 70 70
-0.15579280005669416 -0.060734899469119315 1.2306275820790533 67 72 72
-0.06265069314478709 -0.06062655873319357 1.2292331100321645 67 71 71
-0.02889946458161156 -0.059560405734566 1.2220390866709405 67 71 70
0.03355490472088325 -0.05715167780873873 1.2058878851775234 67 71 70
0.041296153541734285 -0.057068802907363166 1.2052908292004838 67 71 70
0.04866607849835333 -0.05682409005355589 1.2036423810130978 67 71 70
0.05668197235219448 -0.05689401869497759 1.2040385861916618 67 71 71
0.06396782854629825 -0.05666145838968145 1.2024699158218368 67 72 71
0.07174874641265974 -0.056641609303296245 1.2022830877316688 67 71 70
0.08073192767005659 -0.057034936169780476 1.2047786074312876 67 71 70
0.08895983495665905 -0.05713384051004718 1.205361979168308 67 72 71
0.09748842968498206 -0.05731017761413447 1.2064474888035244 67 71 70
-0.17318555011716324 -0.05655708083880304 1.2319462338010707 67 72 71
-0.16464701146181526 -0.05652578599213833 1.231670598835104 67 71 70
-0.15634109394918855 -0.05657239000861344 1.231958887045806 68 72 70
-0.14779219828087348 -0.05653949091667447 1.2316716063199755 67 72 71
-0.1406977720581466 -0.05708574291825881 1.23557530094666 66 71 69
0.04053563221261204 -0.05269010072968235 1.2027773900954675 66 71 70
0.04823266665172889 -0.05263706464949926 1.2023496351477356 67 71 70
0.05655689235735971 -0.052832408251337816 1.203711986542722 68 72 71
0.06472329207150326 -0.0529388279640738 1.2044330635109772 66 71 70
0.08151740789988388 -0.05324502384225143 1.2065467390155908 67 72 71
0.09053868435193246 -0.053547307348426845 1.2086773389554173 67 71 71
0.10000733452612817 -0.05393413997628717 1.2114159365985597 67 72 71
-0.1737701261762003 -0.05234957615157269 1.2331892844774206 67 71 70
-0.16484576671629467 -0.052219882527205184 1.2321040841126734 68 73 72
-0.15628502481170675 -0.052185418312613814 1.2317919193630946 67 72 71
-0.14824919416700716 -0.0523212584408287 1.2328617377246152 67 71 70
0.0568732095841233 -0.04893259691740965 1.2046152309457097 66 71 70
0.09195381465967933 -0.049817524618782895 1.2116509128059463 67 71 70
0.10137232248102254 -0.05012614694073812 1.2141154603073379 67 72 71
-0.16504421305223133 -0.04790085493162625 1.232536776070204 68 72 71
-0.15733003610588012 -0.04809886169669206 1.234353938190536 67 72 71
-0.14932494624214881 -0.048246219916069005 1.2357032794883152 68 72 72
0.06531954306186369 -0.04505937762708127 1.2060070513356782 68 72 71
0.09175387271788449 -0.04563117653505063 1.2112490874826252 68 73 72
0.10149049394750514 -0.045969978911906524 1.2143629657393025 67 71 70
0.06574769883109736 -0.04111485077834233 1.2071287798846002 67 72 71
0.07297430966378726 -0.040941398606494164 1.205284084079638 68 72 72
0.10208511920016214 -0.04189351644047959 1.2155476686259163 66 70 69
0.009128357335044628 -0.03668378433911021 1.2020914095693676 92 9 9
0.07354821574275736 -0.03700897996796732 1.2066738014652283 66 70 69
0.10326926126799146 -0.037871302228948196 1.2178921270056906 66 70 69
0.0564591668950819 -0.03276397097529779 1.2035489707016636 67 71 70
0.06538936751706169 -0.03292686525004986 1.206247112753796 67 71 70
0.09257984324208895 -0.033331968250085095 1.2130239922837112 66 70 70
0.10319442430724812 -0.03362219671161643 1.2177601983620248 66 70 70
0.0642580828960037 -0.02873601716709829 1.2033559125802813 68 72 71
0.07224315978535403 -0.028737971570368517 1.203592061334176 67 72 71
0.08232885211873016 -0.028960273814519336 1.2084588451923453 67 72 71
0.09223409996333398 -0.02913427026945256 1.2123173353527872 67 71 70
0.10223103202346284 -0.029293933721428196 1.2158802068365437 67 72 70
0.08092144637810092 -0.02476711312695684 1.2053368666545787 67 72 71
0.09027644340749863 -0.024848989000403027 1.2082404516003353 68 72 71
0.10119940702094332 -0.02501847835145258 1.2138657681184164 67 71 70
0.0792943335998469 -0.0206603855945165 1.2017244114236234 66 70 69
0.087915028847633 -0.02067322780982575 1.2033188703596815 67 71 70
0.09902855431426275 -0.020766016197196292 1.2096096675895256 66 70 69
0.052811807101668065 -0.01670372270684535 1.1934668169044238 66 70 69
0.07767853080032391 -0.01666348633394435 1.19813672489139 67 73 72
0.08598429930859681 -0.01664887356075083 1.1992972784694915 66 70 69
0.0943058271105261 -0.016633856741406397 1.2003319877746552 66 70 69
0.013450556096295911 -0.01303732870183592 1.185875246683961 67 71 70
0.07672111326377885 -0.01275617253245897 1.196017362011544 67 71 70
0.08581459833585235 -0.01269778983768122 1.1989577742751967 67 70 70
0.09316443528015822 -0.012689804324975719 1.1981003734434965 66 70 70
0.0069986734618375165 -0.009197332527287001 1.1906085643756599 92 9 9
0.07717376002544103 -0.00882372822816448 1.197043620329527 67 71 70
0.08572612803370697 -0.008752094077363461 1.1987881053249874 67 72 71
0.09312462430514723 -0.008751585746775585 1.198036241890428 67 71 71
0.007265208540861143 -0.0053333292288690395 1.192130824271357 95 11 11
0.07771223760106873 -0.00485160026070882 1.1982615132598173 67 72 71
0.08607207123474234 -0.0047717101320192135 1.199526944927408 67 72 71
0.0931448420428132 -0.004810041375888686 1.1980902366416306 67 71 70
0.07857600779128304 -0.0007995845902828216 1.2002053915297013 67 72 71
0.08573564659465091 -0.0008529020998935474 1.198838690354464 67 71 70
0.09229815156498214 -0.0009675531523772821 1.1964381193533127 67 71 70
0.07675970182410174 0.0028686331561397875 1.1961690503687317 67 71 69
0.0842937600418401 0.002873487212809743 1.1958381289048376 67 71 72
0.09288801440131161 0.00303480321326801 1.1976131843292845 66 70 69
0.0764607208314242 0.006716465510691112 1.1955182519394776 67 72 71
0.08394914622125273 0.006713837624122542 1.195132445730653 67 72 71
0.0932556142990296 0.007033891476122295 1.1983509062382167 67 71 70
0.076856164929188 0.01070654798831833 1.196417146831985 67 72 71
0.08452093740805629 0.010733390180287353 1.196343693501083 67 71 70
0.09428878104072635 0.011192822799630783 1.2003987940186298 68 72 71
0.08554082230104706 0.014902291946947286 1.198492500963646 66 70 69
0.09559304672455074 0.015478306829959834 1.2029805606442043 68 72 71
0.08509099815645732 0.018721387602509486 1.1975667367684877 67 72 71
0.09543898140982093 0.019454332501325423 1.2026917551331895 67 72 71
0.0918830166512653 0.022413912508657916 1.195705603928778 67 71 70
0.08800535226825662 0.025055680343631148 1.1880853207395288 67 71 70
0.08542804427248968 0.027928481944175958 1.183024491253424 68 72 71
-0.16773392566655865 -0.06796514822768589 1.216188726377689 68 73 72
-0.13153021795919695 -0.07055641532522816 1.230353706595334 68 72 71
-0.07118778181266468 -0.07054686195814705 1.2302749631730987 67 72 71
0.04437058612670705 -0.06675035084830683 1.2094476639956717 68 72 71
0.05214815299507701 -0.06655629505225884 1.2083822718951174 66 70 70
0.09142335361941795 -0.06607124096851412 1.2057105623865734 66 70 70
0.09516319864644918 -0.06449258134227621 1.1970696176785403 66 71 70
-0.16396578470386586 -0.0654261264677024 1.2260492301693282 67 71 70
-0.15583658427596964 -0.06555427273653601 1.2268189312060374 67 71 70
-0.147461867368893 -0.06559785657716943 1.2270845465010551 66 70 69
-0.13168034971355333 -0.06621494115759533 1.2307750586042443 67 72 71
-0.08055446321354337 -0.06691970001202005 1.235012524615036 67 71 70
-0.07153521191450937 -0.06658477031236282 1.2330214695021038 68 71 70
0.021843675335763223 -0.06411917732396243 1.2183827024772627 67 72 71
0.029485226989288363 -0.06359356353233085 1.2152536396393385 68 73 72
0.044602591762602256 -0.06275677207837133 1.2102741029052126 68 72 72
0.061123852114396526 -0.06286480932500589 1.210929624744908 68 72 71
0.06926353591315494 -0.06284829705885292 1.2108367209299793 68 73 72
0.07745411676282085 -0.06285235120513163 1.2108664912731084 68 73 72
0.08689783263635363 -0.06333232885871547 1.2137350928495132 68 72 72
0.0943185189414838 -0.06302479687265465 1.2119063207948786 68 72 71
0.10192170935904174 -0.06281321729122191 1.2106498463350754 66 70 69
-0.16431673031265656 -0.06120125228448406 1.2268113127227314 68 72 72
-0.15631134260131985 -0.061370088786122344 1.2279334506682293 67 71 70
0.10317193494752341 -0.05903642432296316 1.2131729990718823 67 71 70
-0.16570849441621688 -0.05727673794187724 1.2299188028351633 68 71 71
-0.15742009098524268 -0.057363108984213915 1.2305766985557198 67 72 71
0.10402060779107389 -0.055072374776788106 1.2148902025812855 67 71 71
-0.16592128637006187 -0.05293253619196665 1.2303690383279686 68 72 71
0.10462996833500193 -0.050997455592701954 1.2161270844009504 67 71 70
-0.1663711976886586 -0.04863235254300475 1.2313534425807704 68 72 71
-0.15932702483711148 -0.049030424698354114 1.2351127142538076 68 72 71
0.10489154256735833 -0.046810128615122314 1.2166657725278385 66 70 69
0.1052829241366823 -0.04263029338073092 1.2174651630755928 66 70 69
0.10610520322321038 -0.03849258384987367 1.219129904640064 66 70 69
0.10613523270606154 -0.03420611249643234 1.2192038354492938 67 71 70
0.10466570529154123 -0.029776914912262198 1.2162662650623925 67 72 71
0.10448609641813036 -0.02551792131008287 1.2159190367477286 67 71 70
0.10126993452091007 -0.02116973124179215 1.2094729836412117 66 70 69
0.1000171103438183 -0.017021149412882415 1.2069697840698883 66 70 69
0.09988111657698978 -0.012916863630436868 1.2067096680618692 67 71 70
0.0986074081221184 -0.008886759029826882 1.2041641447949378 68 72 71
0.0994689970068863 -0.004743828873284409 1.2059078591480599 67 72 71
0.09898427858468611 -0.0007084863831792187 1.2049470887168572 67 71 70
0.10026451943802489 0.0035621343816501713 1.207532097501586 66 70 70
0.10023539785407229 0.007675395369931507 1.2074866695145352 67 71 71
0.08407022329390272 0.02652921038190114 1.1750777812882227 68 73 72
